Programme,Cohort Year,Workshop #,Starting Month,Workshop Title,Session,Session Heading,Session Sub-heading,Delivered by,File Type,File Name,Drive Link,Check Box,Duplication,Issues / Notes,OPS Feedback - SN
SUPEREVENT,2024,1,October 2023,Where is There: The Window of Opportunity,1,Cave Time,,Adam Goff,Video,PEP 2024 - Workshop 01 - Session 1 - Video,Workshop 1 Session 1.mp4,Done,,,
SUPEREVENT,2024,1,October 2023,Where is There: The Window of Opportunity,1,Cave Time,,Adam Goff,Transcript,PEP 2024 - Workshop 01 - Session 1 - Transcript,,,,,
SUPEREVENT,2024,1,October 2023,Where is There: The Window of Opportunity,2,Culture Club,,Rachel Davis,Video,PEP 2024 - Workshop 01 - Session 2 - Video,Workshop 1 Session 2.mp4,Done,same,,
SUPEREVENT,2024,1,October 2023,Where is There: The Window of Opportunity,2,Culture Club,,Rachel Davis,Transcript,PEP 2024 - Workshop 01 - Session 2 - Transcript,,,,,
SUPEREVENT,2024,1,October 2023,Where is There: The Window of Opportunity,2,Bounce Back Boom,,Daniel Hill,Video,PEP 2024 - Workshop 01 - Session 2 - Video,Workshop 1 Session 2.mp4,Done,same as 4,,
SUPEREVENT,2024,1,October 2023,Where is There: The Window of Opportunity,2,Bounce Back Boom,,Daniel Hill,Transcript,PEP 2024 - Workshop 01 - Session 2 - Transcript,,,,,
SUPEREVENT,2024,1,October 2023,Where is There: The Window of Opportunity,3,Raise Your Standards,,Daniel Hill,Video,PEP 2024 - Workshop 01 - Session 3 - Video,Workshop 1 Session 3.mp4,Done,same,,
SUPEREVENT,2024,1,October 2023,Where is There: The Window of Opportunity,3,Raise Your Standards,,Daniel Hill,Transcript,PEP 2024 - Workshop 01 - Session 3 - Transcript,,,,,
SUPEREVENT,2024,1,October 2023,Where is There: The Window of Opportunity,3,The Long Game,,Adam Goff,Video,PEP 2024 - Workshop 01 - Session 3 - Video,Workshop 1 Session 3.mp4,,Same as 8,,
SUPEREVENT,2024,1,October 2023,Where is There: The Window of Opportunity,3,The Long Game,,Adam Goff,Transcript,PEP 2024 - Workshop 01 - Session 3 - Transcript,,,,,
SUPEREVENT,2024,1,October 2023,Where is There: The Window of Opportunity,3,Wheel of Life,,Adam Goff,Video,PEP 2024 - Workshop 01 - Session 3 - Video,Workshop 1 Session 3.mp4,Done,Same as 8,,
SUPEREVENT,2024,1,October 2023,Where is There: The Window of Opportunity,3,Wheel of Life,,Adam Goff,Transcript,PEP 2024 - Workshop 01 - Session 3 - Transcript,,,,,
SUPEREVENT,2024,1,October 2023,Where is There: The Window of Opportunity,3,The Long Game Table,,Adam Goff,Video,PEP 2024 - Workshop 01 - Session 3 - Video,Workshop 1 Session 3.mp4,Done,Same as 8,,
SUPEREVENT,2024,1,October 2023,Where is There: The Window of Opportunity,3,The Long Game Table,,Adam Goff,Transcript,PEP 2024 - Workshop 01 - Session 3 - Transcript,,,,,
SUPEREVENT,2024,1,October 2023,Where is There: The Window of Opportunity,4,Deals Deals Deals,,Daniel Hill,Video,PEP 2024 - Workshop 01 - Session 4 - Video,Workshop 1 Session 4 .mp4,Done,,,
SUPEREVENT,2024,1,October 2023,Where is There: The Window of Opportunity,4,Deals Deals Deals,,Daniel Hill,Transcript,PEP 2024 - Workshop 01 - Session 4 - Transcript,,,,,
SUPEREVENT,2024,1,October 2023,Where is There: The Window of Opportunity,,Workbook,,,Workbook,PEP 2024 - Workshop 01 - Workbook,PEP Workshop 1 Digital.pdf,pdf file,,done,
SUPEREVENT,2024,1,October 2023,Where is There: The Window of Opportunity,,Workbook,,,Workbook,PEA 2024 - Workshop 01 - Workbook,PEA Workshop 1 Digital.pdf,pdf file,,done,
PEP,2024,2,November 2023,Headline Strategy,1,Year Of,,Adam Goff,Video,PEP 2024 - Workshop 02 - Session 1 - Video, PPN Session 1 Nov.mp4,Done,,,
PEP,2024,2,November 2023,Headline Strategy,1,Year Of,,Adam Goff,Transcript,PEP 2024 - Workshop 02 - Session 1 - Transcript,,,,,
PEP,2024,2,November 2023,Headline Strategy,2,Handful Of Habits,,Josh Keegan,Video,PEP 2024 - Workshop 02 - Session 2 - Video,PPN Session 2 Nov 01.mp4,Done,,,
PEP,2024,2,November 2023,Headline Strategy,2,Handful Of Habits,,Josh Keegan,Transcript,PEP 2024 - Workshop 02 - Session 2 - Transcript,,,,,
PEP,2024,2,November 2023,Headline Strategy,3,Headline Strategy,,Adam Goff,Video,PEP 2024 - Workshop 02 - Session 3 - Video,PPN Session 3 Nov 02.mp4,Done,,,
PEP,2024,2,November 2023,Headline Strategy,3,Headline Strategy,,Adam Goff,Transcript,PEP 2024 - Workshop 02 - Session 3 - Transcript,,,,,
PEP,2024,2,November 2023,Headline Strategy,,Workbook,,,Workbook,PEP 2024 - Workshop 02 - Workbook,PEP_Workbook Two_23_24 digital.pdf,pdf file,,done ,
PEP,2024,3,December 2023,Don't Start Until It's Finished,1,Wealth Hierarchy,,Adam Goff,Video,PEP 2024 - Workshop 03 - Session 1 - Video,Session 1 & Part 1 of session 2.wavhttps://drive.google.com/file/d/1jvruLAdUwabUtfUSuQnyHUlBeupc3Ck4/view?usp=drive_link,Done-A,,,
PEP,2024,3,December 2023,Don't Start Until It's Finished,1,Wealth Hierarchy,,Adam Goff,Transcript,PEP 2024 - Workshop 03 - Session 1 - Transcript,,,,,
PEP,2024,3,December 2023,Don't Start Until It's Finished,2,Winter Hit Lists,,Josh Keegan,Video,PEP 2024 - Workshop 03 - Session 2 - Video,"https://drive.google.com/file/d/10qQxkF6C3C61oT3-8_UhUgnUY0IRqLJG/view?usp=drive_link
https://drive.google.com/file/d/1hQHMLfCebXHjbQGN4GYzQ370aYRGJIvF/view?usp=drive_link",Done,,,
PEP,2024,3,December 2023,Don't Start Until It's Finished,2,Winter Hit Lists,,Josh Keegan,Transcript,PEP 2024 - Workshop 03 - Session 2 - Transcript,,,,,
PEP,2024,3,December 2023,Don't Start Until It's Finished,3,Target Time,,Adam Goff,Video,PEP 2024 - Workshop 03 - Session 3 - Video,"https://drive.google.com/file/d/1SwKX3jWmI7OXK7150DG8RJ4PcUGZ56Jg/view?usp=drive_link
https://drive.google.com/file/d/1Lhn_S0WbkilceXqsuwHVQ-T2wTRdZtse/view?usp=drive_link",Done,,,
PEP,2024,3,December 2023,Don't Start Until It's Finished,3,Target Time,,Adam Goff,Transcript,PEP 2024 - Workshop 03 - Session 3 - Transcript,,,,,
PEP,2024,3,December 2023,Don't Start Until It's Finished,,Workbook,,,Workbook,PEP 2024 - Workshop 03 - Workbook,https://drive.google.com/file/d/1vm2TfYI3uZMUCrxmHpU9AsULV4dM7vAh/view?usp=drive_link,,,,
PEP,2024,4,January 2024,Strategy Day,1,Strategy Day Presentations,,Rachel Davis,Video,PEP 2024 - Workshop 04 - Session 1 - Video,https://drive.google.com/file/d/1UrmrPtMwmuXLxxCapLL6a0RrJc7lan-D/view?usp=drive_link,Done,,,
PEP,2024,4,January 2024,Strategy Day,1,Strategy Day Presentations,,Rachel Davis,Transcript,PEP 2024 - Workshop 04 - Session 1 - Transcript,,,,,
PEP,2024,4,January 2024,Strategy Day,2,Prime Time + Time Tracker Asset - Your Secret Weapons for Winter,,Adam Goff,Video,PEP 2024 - Workshop 04 - Session 2 - Video,https://drive.google.com/file/d/11_5IJ1VdOw_KbpO2x_Re2yjUvlldE74l/view?usp=drive_link,Done,,,
PEP,2024,4,January 2024,Strategy Day,2,Prime Time + Time Tracker Asset - Your Secret Weapons for Winter,,Adam Goff,Transcript,PEP 2024 - Workshop 04 - Session 2 - Transcript,,,,,
PEP,2024,4,January 2024,Strategy Day,3,Strategy Day Finals,,Josh Keegan,Video,PEP 2024 - Workshop 04 - Session 3 - Video,https://drive.google.com/file/d/1fNOZtkle0ru-f2fgEKErJ_a4mdNFw5zE/view?usp=drive_link,Done,,,
PEP,2024,4,January 2024,Strategy Day,3,Strategy Day Finals,,Josh Keegan,Transcript,PEP 2024 - Workshop 04 - Session 3 - Transcript,,,,,
PEP,2024,4,January 2024,Strategy Day,,Workbook,,,Workbook,PEP 2024 - Workshop 04 - Workbook,https://drive.google.com/file/d/1EnpF0TXjBBkTRecAddMLVN-0OYhgFUT8/view?usp=drive_link,pdf,,done,
PEP,2024,5,February 2024,"Work On It, Not In It",1,Business MAP,,Adam Goff,Video,PEP 2024 - Workshop 05 - Session 1 - Video,https://drive.google.com/file/d/1y9Qcz_SyknpVf1UHjx5EhrjZKjR6qwna/view?usp=drive_link,Done,,,
PEP,2024,5,February 2024,"Work On It, Not In It",1,Business MAP,,Adam Goff,Transcript,PEP 2024 - Workshop 05 - Session 1 - Transcript,,,,,
PEP,2024,5,February 2024,"Work On It, Not In It",2,World Class Women,,Suzi Carter,Video,PEP 2024 - Workshop 05 - Session 2 - Video,https://drive.google.com/file/d/1GbojaPSRJa9kVfHwuWRHkgF3EbZCN0cd/view?usp=drive_link,,,,Added in Suzi Carter as a speaker (Column I) for her 10 min World Class Women Interview segment at the top of session 2. Transcript and video already done
PEP,2024,5,February 2024,"Work On It, Not In It",2,World Class Women,,Suzi Carter,Transcript,PEP 2024 - Workshop 05 - Session 2 - Transcript,,,,,
PEP,2024,5,February 2024,"Work On It, Not In It",2,World Class Finance Function ,,Josh Keegan,Video,PEP 2024 - Workshop 05 - Session 2 - Video,https://drive.google.com/file/d/1GbojaPSRJa9kVfHwuWRHkgF3EbZCN0cd/view?usp=drive_link,Done,,Referenced but does not speak directly.,Josh does speak and run the session
PEP,2024,5,February 2024,"Work On It, Not In It",2,World Class Finance Function ,,Josh Keegan,Transcript,PEP 2024 - Workshop 05 - Session 2 - Transcript,,,,,
PEP,2024,5,February 2024,"Work On It, Not In It",3,The Art of Ai,,Ben Kilner,Video,PEP 2024 - Workshop 05 - Session 3 - Video,"https://drive.google.com/file/d/14RkSBFrFTgcfrrbBmkBUCFkby5Ruq3Ou/view?usp=drive_link
https://drive.google.com/file/d/16pNEsq5WSnf066ntqrXa7kI9zqVCQ28P/view?usp=drive_link",Done,,,
PEP,2024,5,February 2024,"Work On It, Not In It",3,The Art of Ai,,Ben Kilner,Transcript,PEP 2024 - Workshop 05 - Session 3 - Transcript,,,,,
PEP,2024,5,February 2024,"Work On It, Not In It",,Workbook,,,Workbook,PEP 2024 - Workshop 05 - Workbook,https://drive.google.com/file/d/1955tTJmTrhhi0ZvbNx-eFqrsFALtWDbl/view?usp=drive_link,pdf,,done,
PEP,2024,6,March 2024,"Making It, Raising It, Drawing It",1,Making It,Bulletproof Business Model,Josh Keegan,Video,PEP 2024 - Workshop 06 - Session 1 - Video,https://drive.google.com/file/d/1r7PCwJ9uckMD4PqiZajWWPNlX2uGk07v/view?usp=drive_link,Done,,,
PEP,2024,6,March 2024,"Making It, Raising It, Drawing It",1,Making It,Bulletproof Business Model,Josh Keegan,Transcript,PEP 2024 - Workshop 06 - Session 1 - Transcript,,,,,
PEP,2024,6,March 2024,"Making It, Raising It, Drawing It",2,Raising It,Fundraising,Adam Goff,Video,PEP 2024 - Workshop 06 - Session 2 - Video,https://drive.google.com/file/d/1MhQn-ZiE4FJcQt40IaFW5FZDdMQ2dU0Y/view?usp=drive_link,Done,,,
PEP,2024,6,March 2024,"Making It, Raising It, Drawing It",2,Raising It,Fundraising,Adam Goff,Transcript,PEP 2024 - Workshop 06 - Session 2 - Transcript,,,,,
PEP,2024,6,March 2024,"Making It, Raising It, Drawing It",3,Keeping It,PCM - Personal Cashflow Management,Adam Goff,Video,PEP 2024 - Workshop 06 - Session 3 - Video,https://drive.google.com/file/d/1xFKWpKs6mSffqPQkPhjMboE_MJlZhI9y/view?usp=drive_link,Done,,,
PEP,2024,6,March 2024,"Making It, Raising It, Drawing It",3,Keeping It,PCM - Personal Cashflow Management,Adam Goff,Transcript,PEP 2024 - Workshop 06 - Session 3 - Transcript,,,,,
PEP,2024,6,March 2024,"Making It, Raising It, Drawing It",,Workbook,,,Workbook,PEP 2024 - Workshop 06 - Workbook,https://drive.google.com/file/d/1JciKuKAEiusHCmL5bi70CMU-pVH3XUjt/view?usp=drive_link,,,,
PEP,2024,7,April 2024,Building The Dream Team,1,The Perfect Profile,,Adam Goff,Video,PEP 2024 - Workshop 07 - Session 1 - Video,https://drive.google.com/file/d/1Y34kJ6aFi7jPt4RLOqBiy5Uh6G9gvzqu/view?usp=drive_link,Done,,,
PEP,2024,7,April 2024,Building The Dream Team,1,The Perfect Profile,,Adam Goff,Transcript,PEP 2024 - Workshop 07 - Session 1 - Transcript,,,,,
PEP,2024,7,April 2024,Building The Dream Team,2,Talent Magnet,The Art of Attracting World-Class Talent,Josh Keegan,Video,PEP 2024 - Workshop 07 - Session 2 - Video,https://drive.google.com/file/d/1l-oA7K0nTvRnyH-7C7pReJD3my_q24mU/view?usp=drive_link,Done,,,
PEP,2024,7,April 2024,Building The Dream Team,2,Talent Magnet,The Art of Attracting World-Class Talent,Josh Keegan,Transcript,PEP 2024 - Workshop 07 - Session 2 - Transcript,,,,,
PEP,2024,7,April 2024,Building The Dream Team,3,World Class PA,"Do Nothing, Delegate Everything",Adam Goff,Video,PEP 2024 - Workshop 07 - Session 3 - Video,https://drive.google.com/file/d/1baQ2ZvWhRjloq0vmqTkRHds-dJTWhQ8c/view?usp=drive_link,Done,,,
PEP,2024,7,April 2024,Building The Dream Team,3,World Class PA,"Do Nothing, Delegate Everything",Adam Goff,Transcript,PEP 2024 - Workshop 07 - Session 3 - Transcript,,,,,
PEP,2024,7,April 2024,Building The Dream Team,,Workbook,,,Workbook,PEP 2024 - Workshop 07 - Workbook,https://drive.google.com/file/d/1t_UGGFqryfXkWfIp2AMFWGPpq6LOIHLJ/view?usp=drive_link,pdf,,done,
PEP,2024,8,May 2024,Lead From The Back,1,The Management Model Blueprint,The High Performance Set-and-forget framework,Adam Goff,Video,PEP 2024 - Workshop 08 - Session 1 - Video,https://drive.google.com/file/d/1U9LnF4yqPrJpTL7US7ExCGAxy0v-Ceek/view?usp=drive_link,Done,,,
PEP,2024,8,May 2024,Lead From The Back,1,The Management Model Blueprint,The High Performance Set-and-forget framework,Adam Goff,Transcript,PEP 2024 - Workshop 08 - Session 1 - Transcript,,,,,
PEP,2024,8,May 2024,Lead From The Back,2,The Culture Club Blueprint,The Worldclass set-and-forget Culture Framework,Josh Keegan,Video,PEP 2024 - Workshop 08 - Session 2 - Video,https://drive.google.com/file/d/1BsoyWKyq3QSG2kOc0ecJ2iwxsHGNHe1O/view?usp=drive_link,Done,,,
PEP,2024,8,May 2024,Lead From The Back,2,The Culture Club Blueprint,The Worldclass set-and-forget Culture Framework,Josh Keegan,Transcript,PEP 2024 - Workshop 08 - Session 2 - Transcript,,,,,
PEP,2024,8,May 2024,Lead From The Back,3,The Karma Credits Blueprint,"The universal law of attracting wealth, health and happiness",Adam Goff,Video,PEP 2024 - Workshop 08 - Session 3 - Video,https://drive.google.com/file/d/1GzqI35fj-akUYmzHxAnSMdnTE_lqMitq/view?usp=drive_link,Done,,,
PEP,2024,8,May 2024,Lead From The Back,3,The Karma Credits Blueprint,"The universal law of attracting wealth, health and happiness",Adam Goff,Transcript,PEP 2024 - Workshop 08 - Session 3 - Transcript,,,,,
PEP,2024,8,May 2024,Lead From The Back,,Workbook,,,Workbook,PEP 2024 - Workshop 08 - Workbook,https://drive.google.com/file/d/1eDgc6qUn7GSAZdWONdRbTK_zrpigSv9H/view?usp=drive_link,,,done ,
SUPPEREVENT,2024,9,June 2024,Six Figure Summer: The Window Of Opportunity,1,Window Of Opportunity,Pre-Race Safety Briefing,Josh Keegan,Video,PEP 2024 - Workshop 09 - Session 1 - Video,https://drive.google.com/file/d/1ub0AgQm8XAedJerS8ZtGVchgADu_droh/view?usp=drive_link,Done,Same ,,
SUPPEREVENT,2024,9,June 2024,Six Figure Summer: The Window Of Opportunity,1,Window Of Opportunity,Pre-Race Safety Briefing,Josh Keegan,Transcript,PEP 2024 - Workshop 09 - Session 1 - Transcript,,,,,
SUPPEREVENT,2024,9,June 2024,Six Figure Summer: The Window Of Opportunity,1,Window Of Opportunity,Championship Season - Think Big,Adam Goff,Video,PEP 2024 - Workshop 09 - Session 1 - Video,https://drive.google.com/file/d/1ub0AgQm8XAedJerS8ZtGVchgADu_droh/view?usp=drive_link,,same as 69,,
SUPPEREVENT,2024,9,June 2024,Six Figure Summer: The Window Of Opportunity,1,Window Of Opportunity,Championship Season - Think Big,Adam Goff,Transcript,PEP 2024 - Workshop 09 - Session 1 - Transcript,,,,,
SUPPEREVENT,2024,9,June 2024,Six Figure Summer: The Window Of Opportunity,1,Window Of Opportunity,Raise the Stakes ,Josh Keegan,Video,PEP 2024 - Workshop 09 - Session 1 - Video,https://drive.google.com/file/d/1ub0AgQm8XAedJerS8ZtGVchgADu_droh/view?usp=drive_link,,same as 69,,
SUPPEREVENT,2024,9,June 2024,Six Figure Summer: The Window Of Opportunity,1,Window Of Opportunity,Raise the Stakes ,Josh Keegan,Transcript,PEP 2024 - Workshop 09 - Session 1 - Transcript,,,,,
SUPPEREVENT,2024,9,June 2024,Six Figure Summer: The Window Of Opportunity,2,Its all a Game,The Happiness Test,Rachel Davis,Video,PEP 2024 - Workshop 09 - Session 2 - Video,https://drive.google.com/file/d/1er8Ghf5Ue65iS6J_KKIRVvxhPOcNWj7E/view?usp=drive_link,Done,Same,,
SUPPEREVENT,2024,9,June 2024,Six Figure Summer: The Window Of Opportunity,2,Its all a Game,The Happiness Test,Rachel Davis,Transcript,PEP 2024 - Workshop 09 - Session 2 - Transcript,,,,,
SUPPEREVENT,2024,9,June 2024,Six Figure Summer: The Window Of Opportunity,2,Its all a Game,Step Change Showcase,Adam Goff,Video,PEP 2024 - Workshop 09 - Session 2 - Video,https://drive.google.com/file/d/1er8Ghf5Ue65iS6J_KKIRVvxhPOcNWj7E/view?usp=drive_link,,Same as 75,,
SUPPEREVENT,2024,9,June 2024,Six Figure Summer: The Window Of Opportunity,2,Its all a Game,Step Change Showcase,Adam Goff,Transcript,PEP 2024 - Workshop 09 - Session 2 - Transcript,,,,,
SUPPEREVENT,2024,9,June 2024,Six Figure Summer: The Window Of Opportunity,2,Its all a Game,The Art of Paid Ads,Chris Hill,Video,PEP 2024 - Workshop 09 - Session 2 - Video,https://drive.google.com/file/d/1er8Ghf5Ue65iS6J_KKIRVvxhPOcNWj7E/view?usp=drive_link,,same as 75,,
SUPPEREVENT,2024,9,June 2024,Six Figure Summer: The Window Of Opportunity,2,Its all a Game,The Art of Paid Ads,Chris Hill,Transcript,PEP 2024 - Workshop 09 - Session 2 - Transcript,,,,,
SUPPEREVENT,2024,9,June 2024,Six Figure Summer: The Window Of Opportunity,2,Its all a Game,The Summer of 69,Josh Keegan,Video,PEP 2024 - Workshop 09 - Session 2 - Video,https://drive.google.com/file/d/1er8Ghf5Ue65iS6J_KKIRVvxhPOcNWj7E/view?usp=drive_link,,same as 75,,
SUPPEREVENT,2024,9,June 2024,Six Figure Summer: The Window Of Opportunity,2,Its all a Game,The Summer of 69,Josh Keegan,Transcript,PEP 2024 - Workshop 09 - Session 2 - Transcript,,,,,
SUPPEREVENT,2024,9,June 2024,Six Figure Summer: The Window Of Opportunity,3,Deals Deals Deals,Window Of Opportunity,Adam Lawrence,Video,PEP 2024 - Workshop 09 - Session 3 - Video,https://drive.google.com/file/d/17KzcehKE4p7RGGn8bHT8uIn7a1ASSBr3/view?usp=drive_link,Done,same,,
SUPPEREVENT,2024,9,June 2024,Six Figure Summer: The Window Of Opportunity,3,Deals Deals Deals,Window Of Opportunity,Adam Lawrence,Transcript,PEP 2024 - Workshop 09 - Session 3 - Transcript,,,,,
SUPPEREVENT,2024,9,June 2024,Six Figure Summer: The Window Of Opportunity,3,Deals Deals Deals,Deals Deals Deals,Suzi Carter,Video,PEP 2024 - Workshop 09 - Session 3 - Video,https://drive.google.com/file/d/17KzcehKE4p7RGGn8bHT8uIn7a1ASSBr3/view?usp=drive_link,,same as 83,,
SUPPEREVENT,2024,9,June 2024,Six Figure Summer: The Window Of Opportunity,3,Deals Deals Deals,Deals Deals Deals,Suzi Carter,Transcript,PEP 2024 - Workshop 09 - Session 3 - Transcript,,,,,
SUPPEREVENT,2024,9,June 2024,Six Figure Summer: The Window Of Opportunity,4,Supercharge Your Sales,Dopamine Detox,Adam Goff,Video,PEP 2024 - Workshop 09 - Session 4 - Video,https://drive.google.com/file/d/1bXMlZsNqkhNtC5MobAhYtcvn3QO7gU8d/view?usp=drive_link,Done,same,,
SUPPEREVENT,2024,9,June 2024,Six Figure Summer: The Window Of Opportunity,4,Supercharge Your Sales,Dopamine Detox,Adam Goff,Transcript,PEP 2024 - Workshop 09 - Session 4 - Transcript,,,,,
SUPPEREVENT,2024,9,June 2024,Six Figure Summer: The Window Of Opportunity,4,Supercharge Your Sales,Supercharge Your Sales,Chris Moss,Video,PEP 2024 - Workshop 09 - Session 4 - Video,https://drive.google.com/file/d/1bXMlZsNqkhNtC5MobAhYtcvn3QO7gU8d/view?usp=drive_link,,same as 87,,
SUPPEREVENT,2024,9,June 2024,Six Figure Summer: The Window Of Opportunity,4,Supercharge Your Sales,Supercharge Your Sales,Chris Moss,Transcript,PEP 2024 - Workshop 09 - Session 4 - Transcript,,,,,
SUPPEREVENT,2024,9,June 2024,Six Figure Summer: The Window Of Opportunity,4,Supercharge Your Sales,Selling Without Selling,Chris Hill,Video,PEP 2024 - Workshop 09 - Session 4 - Video,"https://drive.google.com/file/d/1bXMlZsNqkhNtC5MobAhYtcvn3QO7gU8d/view?usp=drive_link
https://drive.google.com/file/d/1KBvEI7Zfx6snZuv-49jgZbDyOIbqjmWT/view?usp=drive_link",,"first,same as 87",,
SUPPEREVENT,2024,9,June 2024,Six Figure Summer: The Window Of Opportunity,4,Supercharge Your Sales,Selling Without Selling,Chris Hill,Transcript,PEP 2024 - Workshop 09 - Session 4 - Transcript,,,,,
SUPPEREVENT,2024,9,June 2024,Six Figure Summer: The Window Of Opportunity,,Workbook,,,Workbook,PEP 2024 - Workshop 09 - Workbook,https://drive.google.com/file/d/1Bkp7KHOdeTlin67IUp9MCk0WAH-rblph/view?usp=drive_link,pdf,,done,
SUPPEREVENT,2024,9,June 2024,Six Figure Summer: The Window Of Opportunity,,Workbook,,,Workbook,PEA 2024 - Workshop 09 - Workbook,https://drive.google.com/file/d/1ocRsB6XAv17TOszkU_8fnZKGcHQwoz5Q/view?usp=drive_link,pdf,,done,
PEP,2024,10,July 2024,Advanced Lead Generation,1,Brand board,"Who we are, What we do, How we do it",Adam Goff,Video,PEP 2024 - Workshop 10 - Session 1 - Video,https://drive.google.com/file/d/1AgfmMEgb3nMMfmemSqZQbMKAcdPvFamx/view?usp=drive_link,Done,,,
PEP,2024,10,July 2024,Advanced Lead Generation,1,Brand board,"Who we are, What we do, How we do it",Adam Goff,Transcript,PEP 2024 - Workshop 10 - Session 1 - Transcript,,,,,
PEP,2024,10,July 2024,Advanced Lead Generation,2,Perception Is Reality,,Chris Moss,Video,PEP 2024 - Workshop 10 - Session 2 - Video,https://drive.google.com/file/d/12fKYOXL_WpS9AZpsdO45bd7A6V9ffl_j/view?usp=drive_link,Ongoing ,,,
PEP,2024,10,July 2024,Advanced Lead Generation,2,Perception Is Reality,,Chris Moss,Transcript,PEP 2024 - Workshop 10 - Session 2 - Transcript,,,,,
PEP,2024,10,July 2024,Advanced Lead Generation,3,Oversubscribed,The Art of Campaign Marketing,Josh Keegan,Video,PEP 2024 - Workshop 10 - Session 3 - Video,https://drive.google.com/file/d/1OFwK-nRepWh5lArW6zIYzFALEs2Z7uVc/view?usp=drive_link,Ongoing ,,,
PEP,2024,10,July 2024,Advanced Lead Generation,3,Oversubscribed,The Art of Campaign Marketing,Josh Keegan,Transcript,PEP 2024 - Workshop 10 - Session 3 - Transcript,,,,,
PEP,2024,10,July 2024,Advanced Lead Generation,,Workbook,,,Workbook,PEP 2024 - Workshop 10 - Workbook,https://drive.google.com/file/d/18pYPq_2Z0_3yrL2MBaxo1jCUE6AqpshR/view?usp=drive_link,pdf,,done,
PEP,2024,11,August 2024,Sales Solves Everything ,1,Six Figure Sales Funnel,,Chris Moss,Video,PEP 2024 - Workshop 11 - Session 1 - Video,https://drive.google.com/file/d/1G0sGRQs93gugevWa1kzl_NNlWyQLRY2p/view?usp=drive_link,Done,,,
PEP,2024,11,August 2024,Sales Solves Everything ,1,Six Figure Sales Funnel,,Chris Moss,Transcript,PEP 2024 - Workshop 11 - Session 1 - Transcript,,,,,
PEP,2024,11,August 2024,Sales Solves Everything ,2,Rewire Your Brain,,Josh Keegan,Video,PEP 2024 - Workshop 11 - Session 2 - Video,https://drive.google.com/file/d/1iVDvdFGfDGfng_mwcb1iTLBhawA98eQe/view?usp=drive_link,Done,same ,,
PEP,2024,11,August 2024,Sales Solves Everything ,2,Rewire Your Brain,,Josh Keegan,Transcript,PEP 2024 - Workshop 11 - Session 2 - Transcript,,,,,
PEP,2024,11,August 2024,Sales Solves Everything ,2,The Art of Advanced Sales,,Josh Keegan,Video,PEP 2024 - Workshop 11 - Session 2 - Video,https://drive.google.com/file/d/1iVDvdFGfDGfng_mwcb1iTLBhawA98eQe/view?usp=drive_link,Done,same as 106,,
PEP,2024,11,August 2024,Sales Solves Everything ,2,The Art of Advanced Sales,,Josh Keegan,Transcript,PEP 2024 - Workshop 11 - Session 2 - Transcript,,,,,
PEP,2024,11,August 2024,Sales Solves Everything ,3,Content and Campaigns,,Chris Moss,Video,PEP 2024 - Workshop 11 - Session 3 - Video,https://drive.google.com/file/d/1tLX210LBcI7fPNf8jpzlI9n0E_Kd_BVz/view?usp=drive_link,Done ,,,
PEP,2024,11,August 2024,Sales Solves Everything ,3,Content and Campaigns,,Chris Moss,Transcript,PEP 2024 - Workshop 11 - Session 3 - Transcript,,,,,
PEP,2024,11,August 2024,Sales Solves Everything ,,Workbook,,,Workbook,PEP 2024 - Workshop 11 - Workbook,https://drive.google.com/file/d/1c_-bKwyvSifgR6UYl3CxV0ySNCQtGIoB/view?usp=drive_link,pdf,,done,
PEP,2024,12,September 2024,The Awards,1,End of Year Presentations,,Josh Keegan,Video,PEP 2024 - Workshop 12 - Session 1 - Video,https://drive.google.com/drive/folders/14EohAvg5FLjLjVkzf9N4EyRRgSjHmJ8Z?usp=drive_link,Done-A,,"Folder has 4 files in which 2 files are not playing & Josh does not speak during this session â€” he is referenced multiple times, especially by Rachel Davies during the intro","We have removed the files that are not playing, they are duplicates of the videos that are playing. Session 1 is only the intros, the rest of the session are the year-end presentations. which are not recorded since each table is doing their presentation simultaneously."
PEP,2024,12,September 2024,The Awards,1,End of Year Presentations,,Josh Keegan,Transcript,PEP 2024 - Workshop 12 - Session 1 - Transcript,,,,,
PEP,2024,12,September 2024,The Awards,2,Head to Head,,Adam Goff,Video,PEP 2024 - Workshop 12 - Session 2 - Video,https://drive.google.com/drive/folders/1pKk21YTQK1SIXaHX7XCWme6Awj4fc57R?usp=drive_link,Done-A,same ,1 out of 2 files is not playing ,"We have removed the files that are not playing, they are duplicates of the videos that are playing"
PEP,2024,12,September 2024,The Awards,2,Head to Head,,Adam Goff,Transcript,PEP 2024 - Workshop 12 - Session 2 - Transcript,,,,,
PEP,2024,12,September 2024,The Awards,2,Head to Head,,Josh Keegan,Video,PEP 2024 - Workshop 12 - Session 2 - Video,https://drive.google.com/drive/folders/1pKk21YTQK1SIXaHX7XCWme6Awj4fc57R?usp=drive_link,Done-A,same as 113,,
PEP,2024,12,September 2024,The Awards,2,Head to Head,,Josh Keegan,Transcript,PEP 2024 - Workshop 12 - Session 2 - Transcript,,,,,
PEP,2024,12,September 2024,The Awards,3,End of Year Presentations: The Finalists,,Adam Goff,Video,PEP 2024 - Workshop 12 - Session 3 - Video,https://drive.google.com/drive/folders/19JK-iwO0Z2_THTG-X_yaMQKmJnaPfSGU?usp=drive_link,Done-A,same,,
PEP,2024,12,September 2024,The Awards,3,End of Year Presentations: The Finalists,,Adam Goff,Transcript,PEP 2024 - Workshop 12 - Session 3 - Transcript,,,,,
PEP,2024,12,September 2024,The Awards,3,Deal of the Year: The Finalists,,Josh Keegan,Video,PEP 2024 - Workshop 12 - Session 3 - Video,https://drive.google.com/drive/folders/19JK-iwO0Z2_THTG-X_yaMQKmJnaPfSGU?usp=drive_link,Done-A,same as 117,,
PEP,2024,12,September 2024,The Awards,3,Deal of the Year: The Finalists,,Josh Keegan,Transcript,PEP 2024 - Workshop 12 - Session 3 - Transcript,,,,,
PEP,2024,12,September 2024,The Awards,,Workbook,,,Workbook,PEP 2024 - Workshop 12 - Workbook,https://drive.google.com/file/d/1Rv-Pmr1SgffOykhMnjbmJsBpPSIR0CUB/view?usp=drive_link,PDF,,done,
SUPEREVENT,2025,1,October 2024,Where is There: The Window of Opportunity,1,Level Up - The Window of Opportunity,Level Up,Daniel Hill,Video,PEP 2025 - Workshop 01 - Session 1 - Video,https://drive.google.com/file/d/1qVIMRIobYSjZvaQXCeZm8rM2edHbHI-d/view?usp=drive_link,,,,
SUPEREVENT,2025,1,October 2024,Where is There: The Window of Opportunity,1,Level Up - The Window of Opportunity,Master the Market,Daniel Hill,,,,,,,
SUPEREVENT,2025,1,October 2024,Where is There: The Window of Opportunity,1,Level Up - The Window of Opportunity,"Deals, Deals, Deals",Daniel Hill,,,,Done-M,,,
SUPEREVENT,2025,1,October 2024,Where is There: The Window of Opportunity,1,Level Up - The Window of Opportunity,Level Up,Daniel Hill,Transcript,PEP 2025 - Workshop 01 - Session 1 - Transcript,,,,,
SUPEREVENT,2025,1,October 2024,Where is There: The Window of Opportunity,1,Level Up - The Window of Opportunity,Master the Market,Daniel Hill,,,,,,,
SUPEREVENT,2025,1,October 2024,Where is There: The Window of Opportunity,1,Level Up - The Window of Opportunity,"Deals, Deals, Deals",Daniel Hill,,,,,,,
SUPEREVENT,2025,1,October 2024,Where is There: The Window of Opportunity,2,Cave Time,Culture Club,Shiv Haria,Video,PEP 2025 - Workshop 01 - Session 2 - Video,https://drive.google.com/file/d/18uWEycJMoMSr8bJq8EgHsT1bxSAUEdm9/view?usp=drive_link,,,,
SUPEREVENT,2025,1,October 2024,Where is There: The Window of Opportunity,2,Cave Time,Cave Time,Adam Goff,,,,Done-M,,,
SUPEREVENT,2025,1,October 2024,Where is There: The Window of Opportunity,2,Cave Time,Culture Club,Shiv Haria,Transcript,PEP 2025 - Workshop 01 - Session 2 - Transcript,,,,,
SUPEREVENT,2025,1,October 2024,Where is There: The Window of Opportunity,2,Cave Time,Cave Time,Adam Goff,,,,,,,
SUPEREVENT,2025,1,October 2024,Where is There: The Window of Opportunity,3,Living Off The Steam,The Chairman Blueprint,Daniel Hill,Video,PEP 2025 - Workshop 01 - Session 3 - Video,https://drive.google.com/file/d/1AUjd4tnUyxkrnNqDsDi-q01BdBmLQXIG/view?usp=drive_link,,,,
SUPEREVENT,2025,1,October 2024,Where is There: The Window of Opportunity,3,Living Off The Steam,The Financial Fortress Blueprint,Josh Keegan,,,,Done-M,,,
SUPEREVENT,2025,1,October 2024,Where is There: The Window of Opportunity,3,Living Off The Steam,The Chairman Blueprint,Daniel Hill,Transcript,PEP 2025 - Workshop 01 - Session 3 - Transcript,,,,,
SUPEREVENT,2025,1,October 2024,Where is There: The Window of Opportunity,3,Living Off The Steam,The Financial Fortress Blueprint,Josh Keegan,,,,,,,
SUPEREVENT,2025,1,October 2024,Where is There: The Window of Opportunity,4,The Long Game,The Long Game,Adam Goff,Video,PEP 2025 - Workshop 01 - Session 4 - Video,https://drive.google.com/file/d/1MuG6dTPvU4zTMoCY8P3NXtfKWcJwYXAO/view?usp=drive_link,,,,
SUPEREVENT,2025,1,October 2024,Where is There: The Window of Opportunity,4,The Long Game,Wheel of Life,Adam Goff,,,,Done-M,,,
SUPEREVENT,2025,1,October 2024,Where is There: The Window of Opportunity,4,The Long Game,The Long Game Table,Adam Goff,,,,,,,
SUPEREVENT,2025,1,October 2024,Where is There: The Window of Opportunity,4,The Long Game,The Long Game,Adam Goff,Transcript,PEP 2025 - Workshop 01 - Session 4 - Transcript,,,,,
SUPEREVENT,2025,1,October 2024,Where is There: The Window of Opportunity,4,The Long Game,Wheel of Life,Adam Goff,,,,,,,
SUPEREVENT,2025,1,October 2024,Where is There: The Window of Opportunity,4,The Long Game,The Long Game Table,Adam Goff,,,,,,,
SUPEREVENT,2025,1,October 2024,Where is There: The Window of Opportunity,,Workbook,,,Workbook,PEP 2025 - Workshop 01 - Workbook,https://drive.google.com/file/d/1BFxbP6PEvuUx1bN3Yxgahswd2ch_RFUZ/view?usp=drive_link,,,done,
PEP,2025,2,November 2024,Headline Strategy,1,Year Of,,Adam Goff,Video,PEP 2025 - Workshop 02 - Session 1 - Video,https://drive.google.com/file/d/1RTm734yT2k3U1ZfTK_5HkBSCAd3grg4-/view?usp=drive_link,Done-M,,,
PEP,2025,2,November 2024,Headline Strategy,1,Year Of,,Adam Goff,Transcript,PEP 2025 - Workshop 02 - Session 1 - Transcript,,,,,
PEP,2025,2,November 2024,Headline Strategy,2,Handful Of Habits,,Josh Keegan,Video,PEP 2025 - Workshop 02 - Session 2 - Video,https://drive.google.com/file/d/1HK1NuZ1zgQcEV6OMDqbyHv5IclAr3zgV/view?usp=drive_link,Done-M,,,
PEP,2025,2,November 2024,Headline Strategy,2,Handful Of Habits,,Josh Keegan,Transcript,PEP 2025 - Workshop 02 - Session 2 - Transcript,,,,,
PEP,2025,2,November 2024,Headline Strategy,3,Headline Strategy,,Adam Goff,Video,PEP 2025 - Workshop 02 - Session 3 - Video,https://drive.google.com/file/d/1DCEJIfM_8QiFfAJ1pAuwVAgL-Aha-zNY/view?usp=drive_link,Done-M,,,
PEP,2025,2,November 2024,Headline Strategy,3,Headline Strategy,,Adam Goff,Transcript,PEP 2025 - Workshop 02 - Session 3 - Transcript,,,,,
PEP,2025,2,November 2024,Headline Strategy,,Workbook,,,Workbook,PEP 2025 - Workshop 02 - Workbook,https://drive.google.com/file/d/1WK2_8pxdk4dU9y5rQw1zZPF63-HuzP6q/view?usp=drive_link,,,done,
PEP,2025,3,December 2024,Don't Start Until It's Finished,1,Wealth Hierarchy,,Adam Goff,Video,PEP 2025 - Workshop 03 - Session 1 - Video,https://drive.google.com/file/d/1skgLQ-wQdX9MAOljwAffJhSN6Br9QOmj/view?usp=drive_link,Done-M,,,
PEP,2025,3,December 2024,Don't Start Until It's Finished,1,Wealth Hierarchy,,Adam Goff,Transcript,PEP 2025 - Workshop 03 - Session 1 - Transcript,,,,,
PEP,2025,3,December 2024,Don't Start Until It's Finished,2,Winter Hit Lists,,Josh Keegan,Video,PEP 2025 - Workshop 03 - Session 2 - Video,https://drive.google.com/file/d/1ofD7OCsOUu5h01zxeO3Csx8h75lOd8GY/view?usp=drive_link,Done-M,,,
PEP,2025,3,December 2024,Don't Start Until It's Finished,2,Winter Hit Lists,,Josh Keegan,Transcript,PEP 2025 - Workshop 03 - Session 2 - Transcript,,,,,
PEP,2025,3,December 2024,Don't Start Until It's Finished,3,Target Time,,Adam Goff,Video,PEP 2025 - Workshop 03 - Session 3 - Video,https://drive.google.com/file/d/126qsAJPWVxhLxfj0KgE73udryHhlfNT4/view?usp=drive_link,Done-M,,,
PEP,2025,3,December 2024,Don't Start Until It's Finished,3,Target Time,,Adam Goff,Transcript,PEP 2025 - Workshop 03 - Session 3 - Transcript,,,,,
PEP,2025,3,December 2024,Don't Start Until It's Finished,,Workbook,,,Workbook,PEP 2025 - Workshop 03 - Workbook,https://drive.google.com/file/d/1gP631Yg9ghFWtPBM5_PFZUXz7OQOtJLB/view?usp=drive_link,,,done,
PEP,2025,4,January 2025,Strategy Day,1,Strategy Day Presentations,,Rachel Davis,Video,PEP 2025 - Workshop 04 - Session 1 - Video,"https://drive.google.com/file/d/1f_uZcJw3onLHN7tP2EwmG0hH7GVlCUaz/view?usp=drive_link
https://drive.google.com/file/d/1wjpgpABrxCt-vs9IJ9eGgdImINI0jkaW/view?usp=drive_link",Done-A,,,
PEP,2025,4,January 2025,Strategy Day,1,Strategy Day Presentations,,Rachel Davis,Transcript,PEP 2025 - Workshop 04 - Session 1 - Transcript,,,,,
PEP,2025,4,January 2025,Strategy Day,2,"AGM, Year of Affiirmation Boards, Secret Weapons for Winter",,Shiv Haria,Video,PEP 2025 - Workshop 04 - Session 2 - Video,https://drive.google.com/file/d/18fQItOCm8-CeV-6xGf3umJlC8_dGQRu6/view?usp=drive_link,Done-A,,,
PEP,2025,4,January 2025,Strategy Day,2,"AGM, Year of Affiirmation Boards, Secret Weapons for Winter",,Shiv Haria,Transcript,PEP 2025 - Workshop 04 - Session 2 - Transcript,,,,,
PEP,2025,4,January 2025,Strategy Day,3,Strategy Day Finals,,Rachel Davis,Video,PEP 2025 - Workshop 04 - Session 3 - Video,https://drive.google.com/file/d/1OYezrr0eC3kmD-rMPPukui1cxu0Lg127/view?usp=drive_link,Done-A,,,
PEP,2025,4,January 2025,Strategy Day,3,Strategy Day Finals,,Rachel Davis,Transcript,PEP 2025 - Workshop 04 - Session 3 - Transcript,,,,,
PEP,2025,4,January 2025,Strategy Day,,Workbook,,,Workbook,PEP 2025 - Workshop 04 - Workbook,https://drive.google.com/file/d/1x0xDQGRNTiKXdNEgYfYJxhr6fOfKgXLC/view?usp=drive_link,PDF,,done,
PEP,2025,5,February 2025,"Work On It, Not In It",1,World Class Finance Function,,Josh Keegan,Video,PEP 2025 - Workshop 05 - Session 1 - Video,https://drive.google.com/file/d/1jUOr1v68YG8qo0Y7-kKVWAs7KSAuDCL-/view?usp=drive_link,Done-M,,,
PEP,2025,5,February 2025,"Work On It, Not In It",1,World Class Finance Function,,Josh Keegan,Transcript,PEP 2025 - Workshop 05 - Session 1 - Transcript,,,,,
PEP,2025,5,February 2025,"Work On It, Not In It",2,Business MAP,,Rachel Davis,Video,PEP 2025 - Workshop 05 - Session 2 - Video,https://drive.google.com/file/d/1Ig3hXczhLGkIGv3RCZFONVOaS3HV2jM6/view?usp=drive_link,Done-M,,,
PEP,2025,5,February 2025,"Work On It, Not In It",2,Business MAP,,Rachel Davis,Transcript,PEP 2025 - Workshop 05 - Session 2 - Transcript,,,,,
PEP,2025,5,February 2025,"Work On It, Not In It",3,AI in 2025,,Gillian Anderson,Video,PEP 2025 - Workshop 05 - Session 3 - Video,https://drive.google.com/file/d/19aHWcE8Iz_CLDOfRLRV69nYXaZP5WHB3/view?usp=drive_link,Done-M,,,
PEP,2025,5,February 2025,"Work On It, Not In It",3,AI in 2025,,Gillian Anderson,Transcript,PEP 2025 - Workshop 05 - Session 3 - Transcript,,,,,
PEP,2025,5,February 2025,"Work On It, Not In It",,Workbook,,,Workbook,PEP 2025 - Workshop 05 - Workbook,https://drive.google.com/file/d/1GY1G0I6vCkfmHlowsxGPsw2J8OaPCC_D/view?usp=drive_link,PDF,,done,
PEP,2025,6,March 2025,"Making It, Raising It, Drawing It",1,Making It,Bulletproof Business Model,Josh Keegan,Video,PEP 2025 - Workshop 06 - Session 1 - Video,PEP Session 1 - 04.03.2025.mp4,Done-A,Pending,,
PEP,2025,6,March 2025,"Making It, Raising It, Drawing It",1,Making It,Ai Showcase,Tsen Wharton,,,,,,,
PEP,2025,6,March 2025,"Making It, Raising It, Drawing It",1,Making It,Bulletproof Business Model,Josh Keegan,Transcript,PEP 2025 - Workshop 06 - Session 1 - Transcript,,,,,
PEP,2025,6,March 2025,"Making It, Raising It, Drawing It",1,Making It,Ai Showcase,Tsen Wharton,,,,,,,
PEP,2025,6,March 2025,"Making It, Raising It, Drawing It",2,Raising It,Fundraising,Adam Goff,Video,PEP 2025 - Workshop 06 - Session 2 - Video,PEP Session 2 - 04.03.2025.mp4,Done-A,,,
PEP,2025,6,March 2025,"Making It, Raising It, Drawing It",2,Raising It,Fundraising,Adam Goff,Transcript,PEP 2025 - Workshop 06 - Session 2 - Transcript,,,,,
PEP,2025,6,March 2025,"Making It, Raising It, Drawing It",3,Keeping It,PCM - Personal Cashflow Management,Josh Keegan,Video,PEP 2025 - Workshop 06 - Session 3 - Video,https://drive.google.com/file/d/1cBAlykxB9ZgzDu7ftSUFwmP64hPnhBR8/view?usp=drive_link,Done-A,,,
PEP,2025,6,March 2025,"Making It, Raising It, Drawing It",3,Keeping It,PCM - Personal Cashflow Management,Josh Keegan,Transcript,PEP 2025 - Workshop 06 - Session 3 - Transcript,,,,,
PEP,2025,6,March 2025,"Making It, Raising It, Drawing It",,Workbook,,,Workbook,PEP 2025 - Workshop 06 - Workbook,https://drive.google.com/file/d/1QMtKoJTVevRS9AcGyxYOs0pbYLQOkp09/view?usp=drive_link,pdf,,done,
PEP,2025,7,April 2025,Building The Dream Team,1,The Perfect Profile,The Perfect Profile,Shiv Haria ,Video,PEP 2025 - Workshop 07 - Session 1 - Video, PEP Session 1 - 08.04.2025.mp4,Done-A,,,
PEP,2025,7,April 2025,Building The Dream Team,1,The Perfect Profile,The Perfect Profile,Shiv Haria ,Transcript,PEP 2025 - Workshop 07 - Session 1 - Transcript,,,,,
PEP,2025,7,April 2025,Building The Dream Team,2,Talent Magnet,Talent Magnet,Josh Keegan,Video,PEP 2025 - Workshop 07 - Session 2 - Video,PEP Session 2 - 08.04.2025.mp4,Done-A,,,
PEP,2025,7,April 2025,Building The Dream Team,2,Talent Magnet,Talent Magnet,Josh Keegan,Transcript,PEP 2025 - Workshop 07 - Session 2 - Transcript,,,,,
PEP,2025,7,April 2025,Building The Dream Team,3,World Class PA,"Do Nothing, Delegate Everything",Adam Goff,Video,PEP 2025 - Workshop 07 - Session 3 - Video, PEP Session 3 - 08.04.2025.mp4,Done-A,,,
PEP,2025,7,April 2025,Building The Dream Team,3,World Class PA,"Do Nothing, Delegate Everything",Adam Goff,Transcript,PEP 2025 - Workshop 07 - Session 3 - Transcript,,,,,
PEP,2025,7,April 2025,Building The Dream Team,,Workbook,,,Workbook,PEP 2025 - Workshop 07 - Workbook,PEP25 Workbook 6 (digital).pdf,pdf,,done,
PEP,2025,8,May 2025,Lead From The Back,1,The Management Model Blueprint,The High Performance Set-and-forget framework,Adam Goff,Video,PEP 2025 - Workshop 08 - Session 1 - Video,Session 1 - 06.05.2025.mp4,Done-M,,,
PEP,2025,8,May 2025,Lead From The Back,1,The Management Model Blueprint,The High Performance Set-and-forget framework,Adam Goff,Transcript,PEP 2025 - Workshop 08 - Session 1 - Transcript,,,,,
PEP,2025,8,May 2025,Lead From The Back,2,The Culture Club Blueprint,The Worldclass set-and-forget Culture Framework,Josh Keegan,Video,PEP 2025 - Workshop 08 - Session 2 - Video,https://drive.google.com/file/d/1XmRtKIg8QO4he1BPXx2C4z851zjGUzmu/view?usp=drive_link,Done-M,,,
PEP,2025,8,May 2025,Lead From The Back,2,The Culture Club Blueprint,The Worldclass set-and-forget Culture Framework,Josh Keegan,Transcript,PEP 2025 - Workshop 08 - Session 2 - Transcript,,,,,
PEP,2025,8,May 2025,Lead From The Back,3,Rate My Business Now,The Karma Credits Blueprint,Adam Goff,Video,PEP 2025 - Workshop 08 - Session 3 - Video,https://drive.google.com/file/d/1Ylb_GswP2inHJV6vFzB6RpGbc5tLVLkx/view?usp=drive_link,Done-M,,,
PEP,2025,8,May 2025,Lead From The Back,3,Rate My Business Now,The Karma Credits Blueprint,Adam Goff,Transcript,PEP 2025 - Workshop 08 - Session 3 - Transcript,,,,,
PEP,2025,8,May 2025,Lead From The Back,,Workbook,,,Workbook,PEP 2025 - Workshop 08 - Workbook,https://drive.google.com/file/d/1SQp__1ApbhW0UfFHe09FIp4n4wghV_Xc/view?usp=drive_link,,,done,
SUPEREVENT,2025,9,June 2025,The Wealth Gap: Now or Never,1,The Wealth Gap,Championship Season - Think Big,Adam Goff,Video,PEP 2025 - Workshop 09 - Session 1 - Video,https://drive.google.com/file/d/1QgdM5Qzaj_XPU9408xYGJ3HVcsJRMa3w/view?usp=drive_link,Done-M,same,],
SUPEREVENT,2025,9,June 2025,The Wealth Gap: Now or Never,1,The Wealth Gap,Championship Season - Think Big,Adam Goff,Transcript,PEP 2025 - Workshop 09  - Session 1 - Transcript,,,,,
SUPEREVENT,2025,9,June 2025,The Wealth Gap: Now or Never,1,The Wealth Gap,The Wealth Gap - Now or Never,Daniel Hill,Video,PEP 2025 - Workshop 09 - Session 1 - Video,https://drive.google.com/file/d/1QgdM5Qzaj_XPU9408xYGJ3HVcsJRMa3w/view?usp=drive_link,Done-M, same as 196,,
SUPEREVENT,2025,9,June 2025,The Wealth Gap: Now or Never,1,The Wealth Gap,The Wealth Gap - Now or Never,Daniel Hill,Transcript,PEP 2025 - Workshop 09  - Session 1 - Transcript,,,,,
SUPEREVENT,2025,9,June 2025,The Wealth Gap: Now or Never,1,The Wealth Gap,Raise the Stakes - Burn the Boats,Josh Keegan,Video,PEP 2025 - Workshop 09 - Session 1 - Video,https://drive.google.com/file/d/1QgdM5Qzaj_XPU9408xYGJ3HVcsJRMa3w/view?usp=drive_link,Done-M,same as 196,,
SUPEREVENT,2025,9,June 2025,The Wealth Gap: Now or Never,1,The Wealth Gap,Raise the Stakes - Burn the Boats,Josh Keegan,Transcript,PEP 2025 - Workshop 09  - Session 1 - Transcript,,,,,
SUPEREVENT,2025,9,June 2025,The Wealth Gap: Now or Never,2,Level Up,Level up your Online Content,Chris Hill,Video,PEP 2025 - Workshop 09  - Session 2 - Video,https://drive.google.com/file/d/10-njEYJTsrW82VG9ADxTXVtL-Zc-c4C1/view?usp=drive_link,Done-M,same,,
SUPEREVENT,2025,9,June 2025,The Wealth Gap: Now or Never,2,Level Up,Level up your Online Content,Chris Hill,Transcript,PEP 2025 - Workshop 09  - Session 2 - Transcript,,,,,
SUPEREVENT,2025,9,June 2025,The Wealth Gap: Now or Never,2,Level Up,Step Change Showcase,Adam Goff,Video,PEP 2025 - Workshop 09  - Session 2 - Video,https://drive.google.com/file/d/10-njEYJTsrW82VG9ADxTXVtL-Zc-c4C1/view?usp=drive_link,Done-M,same as 202,,
SUPEREVENT,2025,9,June 2025,The Wealth Gap: Now or Never,2,Level Up,Step Change Showcase,Adam Goff,Transcript,PEP 2025 - Workshop 09  - Session 2 - Transcript,,,,,
SUPEREVENT,2025,9,June 2025,The Wealth Gap: Now or Never,2,Level Up,Best Self vs Beast Mode,Rachel Davis,Video,PEP 2025 - Workshop 09  - Session 2 - Video,https://drive.google.com/file/d/10-njEYJTsrW82VG9ADxTXVtL-Zc-c4C1/view?usp=drive_link,Done-M,same as 202,,
SUPEREVENT,2025,9,June 2025,The Wealth Gap: Now or Never,2,Level Up,Best Self vs Beast Mode,Rachel Davis,Transcript,PEP 2025 - Workshop 09  - Session 2 - Transcript,,,,,
SUPEREVENT,2025,9,June 2025,The Wealth Gap: Now or Never,3,Deals Deals Deals,Dopamine Detox,Shiv Haria,Video,PEP 2025 - Workshop 09  - Session 3 - Video,https://drive.google.com/file/d/11sGnsMR3mBsSysY53DXax-QvZ0iHgLmE/view?usp=drive_link,Done-M,same ,,
SUPEREVENT,2025,9,June 2025,The Wealth Gap: Now or Never,3,Deals Deals Deals,Dopamine Detox,Shiv Haria,Transcript,PEP 2025 - Workshop 09  - Session 3 - Transcript,,,,,
SUPEREVENT,2025,9,June 2025,The Wealth Gap: Now or Never,3,Deals Deals Deals,Brand New Strategy - Let to Lease,Daniel Hill,Video,PEP 2025 - Workshop 09  - Session 3 - Video,https://drive.google.com/file/d/11sGnsMR3mBsSysY53DXax-QvZ0iHgLmE/view?usp=drive_link,Done-M,same as 208,,
SUPEREVENT,2025,9,June 2025,The Wealth Gap: Now or Never,3,Deals Deals Deals,Brand New Strategy - Let to Lease,Daniel Hill,Transcript,PEP 2025 - Workshop 09  - Session 3 - Transcript,,,,,
SUPEREVENT,2025,9,June 2025,The Wealth Gap: Now or Never,4,Six Figure Summer,PE AI Showcase,Finn Mowat,Video,PEP 2025 - Workshop 09  - Session 4 - Video,https://drive.google.com/file/d/1TQIgLB1dIrq_Xwc3QMHQ7hzpEOkTpdPt/view?usp=drive_link,Done-M,same,,
SUPEREVENT,2025,9,June 2025,The Wealth Gap: Now or Never,4,Six Figure Summer,PE AI Showcase,Finn Mowat,Transcript,PEP 2025 - Workshop 09  - Session 4 - Transcript,,,,,
SUPEREVENT,2025,9,June 2025,The Wealth Gap: Now or Never,4,Six Figure Summer,Walk The Talk - How I made my Millions.,Daniel Hill,Video,PEP 2025 - Workshop 09  - Session 4 - Video,https://drive.google.com/file/d/1TQIgLB1dIrq_Xwc3QMHQ7hzpEOkTpdPt/view?usp=drive_link,Done-M,same 212,,
SUPEREVENT,2025,9,June 2025,The Wealth Gap: Now or Never,4,Six Figure Summer,Walk The Talk - How I made my Millions.,Daniel Hill,Transcript,PEP 2025 - Workshop 09  - Session 4 - Transcript,,,,,
SUPEREVENT,2025,9,June 2025,The Wealth Gap: Now or Never,4,Six Figure Summer,The Summer of 69,Josh Keegan,Video,PEP 2025 - Workshop 09  - Session 4 - Video,https://drive.google.com/file/d/1TQIgLB1dIrq_Xwc3QMHQ7hzpEOkTpdPt/view?usp=drive_link,Done-M,same 212,,
SUPEREVENT,2025,9,June 2025,The Wealth Gap: Now or Never,4,Six Figure Summer,The Summer of 69,Josh Keegan,Transcript,PEP 2025 - Workshop 09  - Session 4 - Transcript,,,,,
SUPEREVENT,2025,9,June 2025,The Wealth Gap: Now or Never,,Workbook,,,Workbook,PEP 2025 - Workshop 09 - Workbook,https://drive.google.com/file/d/1eUXUdcGkSIgRXp2ovrGxgHY9Z9MoueQm/view?usp=drive_link,pdf,,done,
SUPEREVENT,2025,9,June 2025,The Wealth Gap: Now or Never,,Workbook,,,Workbook,PEA 2025 - Workshop 09 - Workbook,https://drive.google.com/file/d/1p4Y4yiRhksNcDm94mtZhByi9Sv-M-MEA/view?usp=drive_link,pdf,,done,
PEA,2024,2,November 2023,Strategy Day,1,Headline Strategy,,Daniel Hill,Video,PEA 2024 - Workshop 02 - Session 1 - Video,https://drive.google.com/file/d/1apIWIMOwIe1r4hJ5Rls44J46CO68bp-_/view?usp=drive_link,Done-A,,,
PEA,2024,2,November 2023,Strategy Day,1,Headline Strategy,,Daniel Hill,Transcript,PEA 2024 - Workshop 02 - Session 1 - Transcript,,,,,
PEA,2024,2,November 2023,Strategy Day,2,Strategic Positioning,,Daniel Hill,Video,PEA 2024 - Workshop 02 - Session 2 - Video,https://drive.google.com/file/d/13wI9C6uBdcLJJQVOikbXw2R5t-b5aTsD/view?usp=drive_link,Done-A,,,
PEA,2024,2,November 2023,Strategy Day,2,Strategic Positioning,,Daniel Hill,Transcript,PEA 2024 - Workshop 02 - Session 2 - Transcript,,,,,
PEA,2024,2,November 2023,Strategy Day,3,Know Your Number,,Adam Goff,Video,PEA 2024 - Workshop 02 - Session 3 - Video,https://drive.google.com/file/d/1ZoHSMN77qYOEcCyyB5g1mfWevEpXL7EH/view?usp=drive_link,Done-A,,,
PEA,2024,2,November 2023,Strategy Day,3,Know Your Number,,Adam Goff,Transcript,PEA 2024 - Workshop 02 - Session 3 - Transcript,,,,,
PEA,2024,2,November 2023,Strategy Day,,Workbook,,,Workbook,PEA 2024 - Workshop 02 - Workbook,https://drive.google.com/file/d/1vCaNEtYf6Hi_CqtPQZDAj7bOVd-iZ96u/view?usp=drive_link,PDF,,done,
PEA,2024,2,November 2023,Strategy Day,3,Financial Fortress Dashboard Template,INTER,,Template,PEA 2024 - Workshop 02 - Resources/Templates,FINANCIAL_FORTRESS_DASHBOARD.xlsx,,,done,
PEA,2024,2,November 2023,Strategy Day,1,Winter Hit List Image,,,Resources,PEA 2024 - Workshop 02 - Resources/Templates,THE_VAULT_Winter_Hit_List_WA_group_image.jpg,,,done,
PEA,2024,2,November 2023,Strategy Day,1,Winter Hit List Team invite to WA Group/Slack Template,,,Resources,PEA 2024 - Workshop 02 - Resources/Templates,WINTER_HIT_LIST_INVITE_TEAM_TO_GROUP_WA_SLACK_MESSAGE_AND_IMAGE.docx,,,done,
PEA,2024,2,November 2023,Strategy Day,1,Strategy Session Agenda and Email Blueprint Resource Doc,,,Resources,PEA 2024 - Workshop 02 - Resources/Templates,Strategy_Session_Agenda_and_Email_Blueprint_221023.pdf,,,done,
PEA,2024,3,December 2023,Target Time,1,Game of Four Quarters,,Adam Goff,Video,PEA 2024 - Workshop 03 - Session 1 - Video,https://drive.google.com/file/d/1txg3KkdhzOs60QaacY2HIedmhIgZbfor/view?usp=drive_link,Done-A,same,,
PEA,2024,3,December 2023,Target Time,1,Game of Four Quarters,,Adam Goff,Transcript,PEA 2024 - Workshop 03 - Session 1 - Transcript,,,,,
PEA,2024,3,December 2023,Target Time,1,Tangible Targets,,Daniel Hill,Video,PEA 2024 - Workshop 03 - Session 1 - Video,https://drive.google.com/file/d/1txg3KkdhzOs60QaacY2HIedmhIgZbfor/view?usp=drive_link,Done-A,same as 227,,
PEA,2024,3,December 2023,Target Time,1,Tangible Targets,,Daniel Hill,Transcript,PEA 2024 - Workshop 03 - Session 1 - Transcript,,,,,
PEA,2024,3,December 2023,Target Time,2,Winter Hit List,,Adam Goff,Video,PEA 2024 - Workshop 03 - Session 2 - Video,https://drive.google.com/file/d/1R12LrQ0F9jQEIISrIh1n_5gKj0-MZ47N/view?usp=drive_link,Done-A,,,
PEA,2024,3,December 2023,Target Time,2,Winter Hit List,,Adam Goff,Transcript,PEA 2024 - Workshop 03 - Session 2 - Transcript,,,,,
PEA,2024,3,December 2023,Target Time,3,Bounce Back Boom,,Daniel Hill,Video,PEA 2024 - Workshop 03 - Session 3 - Video,https://drive.google.com/file/d/1fQEJyOnDT6Q_Z_oWroi5eg2FuoK2qDH5/view?usp=drive_link,Done-A,same,,
PEA,2024,3,December 2023,Target Time,3,Bounce Back Boom,,Daniel Hill,Transcript,PEA 2024 - Workshop 03 - Session 3 - Transcript,,,,,
PEA,2024,3,December 2023,Target Time,3,Business Model Blueprint,,Josh Keegan,Video,PEA 2024 - Workshop 03 - Session 3 - Video,https://drive.google.com/file/d/1fQEJyOnDT6Q_Z_oWroi5eg2FuoK2qDH5/view?usp=drive_link,Done-A,same as 233,,
PEA,2024,3,December 2023,Target Time,3,Business Model Blueprint,,Josh Keegan,Transcript,PEA 2024 - Workshop 03 - Session 3 - Transcript,,,,,
PEA,2024,3,December 2023,Target Time,,Workbook,,,Workbook,PEA 2024 - Workshop 03 - Workbook,https://drive.google.com/file/d/1lqA4gVg4VqyJrZrfGmmGZIftZPqRRxC9/view?usp=drive_link,pdf,,done,
PEA,2024,3,December 2023,Target Time,3,Business Model Blueprint Template,,,Template,PEA 2024 - Workshop 03 - Resources/Templates,UFD_BULLET_PROOF_BUSINESS_MODEL_NEW_NOV_2023_.xlsx,,,done,
PEA,2024,3,December 2023,Target Time,2,Winter Hit List Blueprint Template,,,Template,PEA 2024 - Workshop 03 - Resources/Templates,Winter_Hit_List_Blueprint_PEA.xlsx,,,done,
PEA,2024,3,December 2023,Target Time,2,New Years Eve Invite Example Image,,,Resources,PEA 2024 - Workshop 03 - Resources/Templates,NEW_YEARS_EVE.jpeg,,,done,
PEA,2024,3,December 2023,Target Time,2,NYE Team Broadcast Email Example Doc,,,Resources,PEA 2024 - Workshop 03 - Resources/Templates,NYE_New_Years_Eve_Team_Broadcast_.docx,,,done,
PEA,2024,4,January 2024,Strategy Day,1,Strategy Day Presentations,,Adam Goff,Video,PEA 2024 - Workshop 04 - Session 1 - Video,https://drive.google.com/file/d/1TeyEYWThFREWbZEYibu8BSL6DkwRNLZy/view?usp=drive_link,Done-M,,,
PEA,2024,4,January 2024,Strategy Day,1,Strategy Day Presentations,,Adam Goff,Transcript,PEA 2024 - Workshop 04 - Session 1 - Transcript,,,,,
PEA,2024,4,January 2024,Strategy Day,2,Prime Time,,Adam Goff,Video,PEA 2024 - Workshop 04 - Session 2 - Video,https://drive.google.com/file/d/1cCmSpvmrlfanqN5XzNgd_oTPAyty7hWS/view?usp=drive_link,Done-M,,,
PEA,2024,4,January 2024,Strategy Day,2,Prime Time,,Adam Goff,Transcript,PEA 2024 - Workshop 04 - Session 2 - Transcript,,,,,
PEA,2024,4,January 2024,Strategy Day,3,Strategy Day Finals,,Adam Goff,Video,PEA 2024 - Workshop 04 - Session 3 - Video,https://drive.google.com/file/d/1uLfxJkHhNE1JkX79uz-Is06ZKUiTtgMm/view?usp=drive_link,Done-M,,,
PEA,2024,4,January 2024,Strategy Day,3,Strategy Day Finals,,Adam Goff,Transcript,PEA 2024 - Workshop 04 - Session 3 - Transcript,,,,,
PEA,2024,4,January 2024,Strategy Day,,Workbook,,,Workbook,PEA 2024 - Workshop 04 - Workbook,https://drive.google.com/file/d/1nnHxZ_VU9ec4Gpm0nCFi382EAPXXT4Ov/view?usp=drive_link,pdf,,done,
PEA,2024,4,January 2024,Strategy Day,1,Strategy Day Presentation Template,,,Template,PEA 2024 - Workshop 04 - Resources/Templates,Strategy_Day_Presentation_Template_PEA_2024_Final.pptx,,,done,
PEA,2024,5,February 2024,"Do Nothing, Delegate Everything (DNDE)",1,Prime Time: High Performance PDP - Part 1,,Daniel Hill,Video,PEA 2024 - Workshop 05 - Session 1 - Video,https://drive.google.com/file/d/1iMQ2SwUY-eB3XhOBamY64-QZg9xsWD_K/view?usp=drive_link,Done-A,,,
PEA,2024,5,February 2024,"Do Nothing, Delegate Everything (DNDE)",1,Prime Time: High Performance PDP - Part 2,,Daniel Hill,Transcript,PEA 2024 - Workshop 05 - Session 1 - Transcript,,,,,
PEA,2024,5,February 2024,"Do Nothing, Delegate Everything (DNDE)",2,The Power of Personal Branding,,Chris Moss,Video,PEA 2024 - Workshop 05 - Session 2 - Video,https://drive.google.com/file/d/1-9qbCbp1mtQTv3WsALzfWkaW6eHss3Is/view?usp=drive_link,Done-A,same,Daniel Hill does not appear to be a speaker in this session.,"This was an Error, Updated to Chris Moss (Speaker Column 1)"
PEA,2024,5,February 2024,"Do Nothing, Delegate Everything (DNDE)",2,The Power of Personal Branding,,Chris Moss,Transcript,PEA 2024 - Workshop 05 - Session 2 - Transcript,,,,,
PEA,2024,5,February 2024,"Do Nothing, Delegate Everything (DNDE)",2,The Art of AI,,Ben Kilner,Video,PEA 2024 - Workshop 05 - Session 2 - Video,https://drive.google.com/file/d/1-9qbCbp1mtQTv3WsALzfWkaW6eHss3Is/view?usp=drive_link,Done-A,same as 247,,
PEA,2024,5,February 2024,"Do Nothing, Delegate Everything (DNDE)",2,The Art of AI,,Ben Kilner,Transcript,PEA 2024 - Workshop 05 - Session 2 - Transcript,,,,,
PEA,2024,5,February 2024,"Do Nothing, Delegate Everything (DNDE)",3,Prime Time: High Performance PDP - Part 2,,Daniel Hill,Video,PEA 2024 - Workshop 05 - Session 3 - Video,https://drive.google.com/file/d/1OQ2YGyuWAYTlRtHKf083M-CiMAWzOJf7/view?usp=drive_link,Done-A,,,
PEA,2024,5,February 2024,"Do Nothing, Delegate Everything (DNDE)",3,Prime Time: High Performance PDP - Part 2,,Daniel Hill,Transcript,PEA 2024 - Workshop 05 - Session 3 - Transcript,,,,,
PEA,2024,5,February 2024,"Do Nothing, Delegate Everything (DNDE)",,Workbook,,,Workbook,PEA 2024 - Workshop 05 - Workbook,https://drive.google.com/file/d/1V1SIvJMqmMbpq4zTflxMh6nsv64DxvdI/view?usp=drive_link, ,,done,
PEA,2024,5,February 2024,"Do Nothing, Delegate Everything (DNDE)",1,Professional Development Plan (PDP) Template Word Doc,,,Template,PEA 2024 - Workshop 05 - Resources/Templates,PE_MASTER_TEMPLATE_PDP_FEB_2024.docx,,,done,
PEA,2024,5,February 2024,"Do Nothing, Delegate Everything (DNDE)",1,Professional Development Plan (PDP) Template PDF Version,,,Template,PEA 2024 - Workshop 05 - Resources/Templates,PE_MASTER_TEMPLATE_PDP_FEB_2024_1_.pdf,,,done,
PEA,2024,6,March 2024,High Performance Management (HPM),1,Deals Deals Deals,,Suzi Carter,Video,PEA 2024 - Workshop 06 - Session 1 - Video,https://drive.google.com/file/d/1PshbRrBSpiVKCbqDfNYyw-KzuEzJMstG/view?usp=drive_link,Done-M,same,,
PEA,2024,6,March 2024,High Performance Management (HPM),1,Deals Deals Deals,,Suzi Carter,Transcript,PEA 2024 - Workshop 06 - Session 1 - Transcript,,,,,
PEA,2024,6,March 2024,High Performance Management (HPM),1,High Performance Managment (HPM) Future Forecast:,,Josh Keegan,Video,PEA 2024 - Workshop 06 - Session 1 - Video,https://drive.google.com/file/d/1PshbRrBSpiVKCbqDfNYyw-KzuEzJMstG/view?usp=drive_link,Done-M,same as 254,,
PEA,2024,6,March 2024,High Performance Management (HPM),1,High Performance Managment (HPM) Future Forecast:,,Josh Keegan,Transcript,PEA 2024 - Workshop 06 - Session 1 - Transcript,,,,,
PEA,2024,6,March 2024,High Performance Management (HPM),2,HPM: Directiors Dashboard,,Daniel Hill,Video,PEA 2024 - Workshop 06 - Session 2 - Video,https://drive.google.com/file/d/1y0q7RZJDxoMEhhn8V4PCbK_08zGMLSBI/view?usp=drive_link,Done-M,,,
PEA,2024,6,March 2024,High Performance Management (HPM),2,HPM: Directiors Dashboard,,Daniel Hill,Transcript,PEA 2024 - Workshop 06 - Session 2 - Transcript,,,,,
PEA,2024,6,March 2024,High Performance Management (HPM),3,HPM: Management & Leadership Framework,,Adam Goff,Video,PEA 2024 - Workshop 06 - Session 3 - Video,https://drive.google.com/file/d/1_1AkyqgDSlKFqN3sLEHvvQD1_KSHxc74/view?usp=drive_link,Done-M,,,
PEA,2024,6,March 2024,High Performance Management (HPM),3,HPM: Management & Leadership Framework,,Adam Goff,Transcript,PEA 2024 - Workshop 06 - Session 3 - Transcript,,,,,
PEA,2024,6,March 2024,High Performance Management (HPM),,Workbook,,,Workbook,PEA 2024 - Workshop 06 - Workbook,https://drive.google.com/file/d/1VNwWNG3SQDBw_83SMA0q2JhltEtuTgi5/view?usp=drive_link,PDF,,done,
PEA,2024,6,March 2024,High Performance Management (HPM),2,Directors dashboard blueprint Resource Doc,,,Resources,PEA 2024 - Workshop 06 - Resources/Templates,Directors_Dashboard_Blueprint_VAULT_1_.xlsx,,,done,
PEA,2024,6,March 2024,High Performance Management (HPM),1,UFD Bulletproof business model Resource Doc,,,Resources,PEA 2024 - Workshop 06 - Resources/Templates,UFD_BULLET_PROOF_BUSINESS_MODEL_W6_Example.xlsx,,,done,
PEA,2024,6,March 2024,High Performance Management (HPM),1,UFD Future forecast Resource Doc,,,Resources,PEA 2024 - Workshop 06 - Resources/Templates,UFD_FUTURE_FORECAST_PEA_TEMPLATE.xlsx,,,done,
PEA,2024,6,March 2024,High Performance Management (HPM),3,HPM Team meeting agendas ALL - Example Resource,,,Resources,PEA 2024 - Workshop 06 - Resources/Templates,HPM_Team_Meeting_Agendas_MASTER_All_Agendas.pdf,,,done,
PEA,2024,6,March 2024,High Performance Management (HPM),3,HPM Team meeting agendas ANNUAL - Example Resourse,,,Resources,PEA 2024 - Workshop 06 - Resources/Templates,HPM_Team_Meeting_Agendas_ANNUAL.pdf,,,done,
PEA,2024,6,March 2024,High Performance Management (HPM),3,HPM Team meeting agendas QUARTERLY - Example Resourse,,,Resources,PEA 2024 - Workshop 06 - Resources/Templates,HPM_Team_Meeting_Agendas_QUARTERLY.pdf,,,done,
PEA,2024,6,March 2024,High Performance Management (HPM),3,HPM Team meeting agendas MONTHLY - Example Resourse,,,Resources,PEA 2024 - Workshop 06 - Resources/Templates,HPM_Team_Meeting_Agendas_MONTHLY.pdf,,,done,
PEA,2024,6,March 2024,High Performance Management (HPM),3,HPM Team meeting agendas WEELY - Example Resourse,,,Resources,PEA 2024 - Workshop 06 - Resources/Templates,HPM_Team_Meeting_Agendas_WEEKLY.pdf,,,done,
PEA,2024,6,March 2024,High Performance Management (HPM),3,Line manager guide to PDP and probation reviews -  Resource Doument,,,Resources,PEA 2024 - Workshop 06 - Resources/Templates,Line_Manager_Guide_to_PDP_and_Probation_Reviews_Updated_190224.pdf,,,done,
PEA,2024,7,April 2024,Funnel & Flow,1,HPM: Welcome Aboard ,World Class Onboarding Blueprint,Adam Goff,Video,PEA 2024 - Workshop 07 - Session 1 - Video,https://drive.google.com/file/d/1LcFoi8d7WhADUXY3lJ5TiHXhOdLyLRHr/view?usp=drive_link,Done-A,,,
PEA,2024,7,April 2024,Funnel & Flow,1,HPM: Welcome Aboard ,World Class Onboarding Blueprint,Adam Goff,Transcript,PEA 2024 - Workshop 07 - Session 1 - Transcript,,,,,
PEA,2024,7,April 2024,Funnel & Flow,1,HPM: MyHouse Blueprint,,Adam Goff,Video,PEA 2024 - Workshop 07 - Session 2 - Video,https://drive.google.com/file/d/1-O3Xpu2pieDPbUq48Wmo5X4a5JK3UXuQ/view?usp=drive_link,Done-A,,,
PEA,2024,7,April 2024,Funnel & Flow,1,HPM: MyHouse Blueprint,,Adam Goff,Transcript,PEA 2024 - Workshop 07 - Session 2 - Transcript,,,,,
PEA,2024,7,April 2024,Funnel & Flow,1,HPM: Challenging Conversations Blueprint,,Adam Goff,Video,PEA 2024 - Workshop 07 - Session 3 - Video,https://drive.google.com/file/d/1xgq-WqyrI8dRegUkCtCCXGpPsarhN4Sx/view?usp=drive_link,Done-A,same,,
PEA,2024,7,April 2024,Funnel & Flow,1,HPM: Challenging Conversations Blueprint,,Adam Goff,Transcript,PEA 2024 - Workshop 07 - Session 3 - Transcript,,,,,
PEA,2024,7,April 2024,Funnel & Flow,2,Funnel & Flow,Marketing Funnels and Lead Flows,Daniel Hill,Video,PEA 2024 - Workshop 07 - Session 3 - Video,https://drive.google.com/file/d/1xgq-WqyrI8dRegUkCtCCXGpPsarhN4Sx/view?usp=drive_link,Done-A,same as 267,"Daniel Hill is present and actively speaking in multiple segments, although not always named directly","The first hour of this session is Open Mic with various delegates speaking, thereafter Daniel comes on to his session for the next hour"
PEA,2024,7,April 2024,Funnel & Flow,2,Funnel & Flow,Marketing Funnels and Lead Flows,Daniel Hill,Transcript,PEA 2024 - Workshop 07 - Session 3 - Transcript,,,,,
PEA,2024,7,April 2024,Funnel & Flow,3,World-Class Brochure Blueprint,,Chris Moss,Video,PEA 2024 - Workshop 07 - Session 3 - Video,https://drive.google.com/file/d/1xgq-WqyrI8dRegUkCtCCXGpPsarhN4Sx/view?usp=drive_link,Done-A,same as 267,,
PEA,2024,7,April 2024,Funnel & Flow,3,World-Class Brochure Blueprint,,Chris Moss,Transcript,PEA 2024 - Workshop 07 - Session 3 - Transcript,,,,,
PEA,2024,7,April 2024,Funnel & Flow,,Workbook,,,Workbook,PEA 2024 - Workshop 07 - Workbook,https://drive.google.com/file/d/1g9yWrvO_uFghYCsXO95zfG5RB6MLtmbE/view?usp=drive_link,PDF,,done,
PEA,2024,7,April 2024,Funnel & Flow,2,Master MyHouse Blueprint Template,,,Template,PEA 2024 - Workshop 07 - Resources/Templates,MASTER_My_House_Template_Blueprint.xlsx,,,done,
PEA,2024,7,April 2024,Funnel & Flow,2,MyHouse Template Empty/Editable,,,Template,PEA 2024 - Workshop 07 - Resources/Templates,My_House_Empty_Template.xlsx,,,done,
PEA,2024,7,April 2024,Funnel & Flow,1,Onboarding schedule blueprint Template,,,Template,PEA 2024 - Workshop 07 - Resources/Templates,Welcome_Aboard_-_Onboarding_Schedule_Blueprint_TEMPLATE.docx,,,done,
PEA,2024,7,April 2024,Funnel & Flow,1,Onboarding schedule blueprint Example Resource,,,Resources,PEA 2024 - Workshop 07 - Resources/Templates,Welcome_Aboard_-_Onboarding_Schedule_EXAMPLE.docx.pdf,,,done,
PEA,2024,7,April 2024,Funnel & Flow,3,Oversubscribed Questions Template,,,Template,PEA 2024 - Workshop 07 - Resources/Templates,Oversubscribed-Questions-PDF.pdf,,,done,
PEA,2024,8,May 2024,Warm The Tyres,1,Level Up Leadership,Deals Deals Deals & Bounce Back Boom,Daniel Hill,Video,PEA 2024 - Workshop 08 - Session 1 - Video,https://drive.google.com/file/d/1yYYwEDBzCIEmaDEOJUU6lLfpgcQ7pKbG/view?usp=drive_link,Done-A,same,,
PEA,2024,8,May 2024,Warm The Tyres,1,Level Up Leadership,Deals Deals Deals & Bounce Back Boom,Daniel Hill,Transcript,PEA 2024 - Workshop 08 - Session 1 - Transcript,,,,,
PEA,2024,8,May 2024,Warm The Tyres,1,Level Up Leadership,Follow Me: The Art of Leadership Blueprint,Daniel Hill,Video,PEA 2024 - Workshop 08 - Session 1 - Video,https://drive.google.com/file/d/1yYYwEDBzCIEmaDEOJUU6lLfpgcQ7pKbG/view?usp=drive_link,Done-A,as 274,,
PEA,2024,8,May 2024,Warm The Tyres,1,Level Up Leadership,Follow Me: The Art of Leadership Blueprint,Daniel Hill,Transcript,PEA 2024 - Workshop 08 - Session 1 - Transcript,,,,,
PEA,2024,8,May 2024,Warm The Tyres,2,The Seven-Figure SSAS Blueprint,How to make  7-figure gains and pay zero tax using your pension,Mike Chamberlain,Video,PEA 2024 - Workshop 08 - Session 2 - Video,https://drive.google.com/file/d/1lt4Oddt7WPf6lqHCjcCsQahjZG2kOTv2/view?usp=drive_link,Done-A,,,
PEA,2024,8,May 2024,Warm The Tyres,2,The Seven-Figure SSAS Blueprint,How to make  7-figure gains and pay zero tax using your pension,Mike Chamberlain,Transcript,PEA 2024 - Workshop 08 - Session 2 - Transcript,,,,,
PEA,2024,8,May 2024,Warm The Tyres,3,Marketing Team and Tech,,Daniel Hill,Video,PEA 2024 - Workshop 08 - Session 3 - Video,https://drive.google.com/file/d/153JJItyXJQmq7-EaYMt3E6cqDtd_Iwtl/view?usp=drive_link,Done-A,,,
PEA,2024,8,May 2024,Warm The Tyres,3,Marketing Team and Tech,,Daniel Hill,Transcript,PEA 2024 - Workshop 08 - Session 3 - Transcript,,,,,
PEA,2024,8,May 2024,Warm The Tyres,,Workbook,,,Workbook,PEA 2024 - Workshop 08 - Workbook,https://drive.google.com/file/d/1sRg2lQO5eTtiN15OzAmb2X62sKMvWQnJ/view?usp=drive_link,,,done,
PEA,2024,8,May 2024,Warm The Tyres,2,Campaign builder blueprint marketing PEB EXAMPLE,,,Resources,PEA 2024 - Workshop 08 - Resources/Templates,MASTER_BLUEPRINT_Campaign_Builder_Blueprint_Marketing_.xlsx,,,done,
PEA,2024,8,May 2024,Warm The Tyres,2,Campaign builder blueprint marketing MASTER Template ,,,Template,PEA 2024 - Workshop 08 - Resources/Templates,PEB_EXAMPLE_Campaign_Builder_Blueprint_Marketing_.xlsx,,,done,
PEA,2024,10,July 2024,Summer QGM: Changing of the Guard,1,Maximise Your Margins,Money for Nothing,Daniel Hill,Video,PEA 2024 - Workshop 10 - Session 1 - Video,https://drive.google.com/file/d/13QuINZcy3IipiFQjILCCaIEBbm9suHN6/view?usp=drive_link,Done-M,same,Voice is not clear,
PEA,2024,10,July 2024,Summer QGM: Changing of the Guard,1,Maximise Your Margins,Money for Nothing,Daniel Hill,Transcript,PEA 2024 - Workshop 10 - Session 1 - Transcript,,,,,
PEA,2024,10,July 2024,Summer QGM: Changing of the Guard,1,Maximise Your Margins,Five ways to get More for Less,Adam Goff,Video,PEA 2024 - Workshop 10 - Session 1 - Video,https://drive.google.com/file/d/13QuINZcy3IipiFQjILCCaIEBbm9suHN6/view?usp=drive_link,Done-M,same as 283,,
PEA,2024,10,July 2024,Summer QGM: Changing of the Guard,1,Maximise Your Margins,Five ways to get More for Less,Adam Goff,Transcript,PEA 2024 - Workshop 10 - Session 1 - Transcript,,,,,
PEA,2024,10,July 2024,Summer QGM: Changing of the Guard,1,Maximise Your Margins,QGM Presentation,Daniel Hill,Video,PEA 2024 - Workshop 10 - Session 1 - Video,https://drive.google.com/file/d/13QuINZcy3IipiFQjILCCaIEBbm9suHN6/view?usp=drive_link,Done-M,same as 283,,
PEA,2024,10,July 2024,Summer QGM: Changing of the Guard,1,Maximise Your Margins,QGM Presentation,Daniel Hill,Transcript,PEA 2024 - Workshop 10 - Session 1 - Transcript,,,,,
PEA,2024,10,July 2024,Summer QGM: Changing of the Guard,1,Maximise Your Margins,Raise the Stakes,Daniel Hill,Video,PEA 2024 - Workshop 10 - Session 1 - Video,https://drive.google.com/file/d/13QuINZcy3IipiFQjILCCaIEBbm9suHN6/view?usp=drive_link,Done-M,same as 283,,
PEA,2024,10,July 2024,Summer QGM: Changing of the Guard,1,Maximise Your Margins,Raise the Stakes,Daniel Hill,Transcript,PEA 2024 - Workshop 10 - Session 1 - Transcript,,,,,
PEA,2024,10,July 2024,Summer QGM: Changing of the Guard,2,Changing of the Guard,,Daniel Hill,Video,PEA 2024 - Workshop 10 - Session 2 - Video,https://drive.google.com/file/d/18gZvXaH-fsIzJN-5gHWO3mzW0pQDpMKf/view?usp=drive_link,Done-M,,Voice is not clear after 30:00 min,Looking into it  -We do not seem to have another copy of this session
PEA,2024,10,July 2024,Summer QGM: Changing of the Guard,2,Changing of the Guard,,Daniel Hill,Transcript,PEA 2024 - Workshop 10 - Session 2 - Transcript,,,,,
PEA,2024,10,July 2024,Summer QGM: Changing of the Guard,3,Championship Season,Best Self vs Beast Mode Blueprint,Daniel Hill,Video,PEA 2024 - Workshop 10 - Session 3 - Video,https://drive.google.com/file/d/1TKw38jvYGSubfmDJ6bQ-pjQ8ambfasds/view?usp=drive_link,Done-M,same,,
PEA,2024,10,July 2024,Summer QGM: Changing of the Guard,3,Championship Season,Best Self vs Beast Mode Blueprint,Daniel Hill,Transcript,PEA 2024 - Workshop 10 - Session 3 - Transcript,,,,,
PEA,2024,10,July 2024,Summer QGM: Changing of the Guard,3,Championship Season,Marketing Mentoring Masterclass,Daniel Hill,Video,PEA 2024 - Workshop 10 - Session 3 - Video,https://drive.google.com/file/d/1TKw38jvYGSubfmDJ6bQ-pjQ8ambfasds/view?usp=drive_link,Done-M,same as 293,,
PEA,2024,10,July 2024,Summer QGM: Changing of the Guard,3,Championship Season,Marketing Mentoring Masterclass,Daniel Hill,Transcript,PEA 2024 - Workshop 10 - Session 3 - Transcript,,,,,
PEA,2024,10,July 2024,Summer QGM: Changing of the Guard,3,Championship Season,Deals Deals Deals Six Figure Showcase,Adam Goff,Video,PEA 2024 - Workshop 10 - Session 3 - Video,https://drive.google.com/file/d/1TKw38jvYGSubfmDJ6bQ-pjQ8ambfasds/view?usp=drive_link,Done-M,same as 293,,
PEA,2024,10,July 2024,Summer QGM: Changing of the Guard,3,Championship Season,Deals Deals Deals Six Figure Showcase,Adam Goff,Transcript,PEA 2024 - Workshop 10 - Session 3 - Transcript,,,,,
PEA,2024,10,July 2024,Summer QGM: Changing of the Guard,,Workbook,,,Workbook,PEA 2024 - Workshop 10 - Workbook,https://drive.google.com/file/d/1pDseBR72BQneUvUy9QgmzL6OMqhEJv_v/view?usp=drive_link,,pdf,done,
PEA,2024,11,August 2024,Championship Season: Make it Count,1,Walk The Talk: Championship Season,Money From Nothing,Chelsea Sandford,Video,PEA 2024 - Workshop 11 - Session 1 - Video,https://drive.google.com/file/d/1swRgByOekUjgegcUSK79S8ywoU26KHYo/view?usp=drive_link,Done-A,same ,,
PEA,2024,11,August 2024,Championship Season: Make it Count,1,Walk The Talk: Championship Season,Money From Nothing,Chelsea Sandford,Transcript,PEA 2024 - Workshop 11 - Session 1 - Transcript,,,,,
PEA,2024,11,August 2024,Championship Season: Make it Count,1,Walk The Talk: Championship Season,The Chairman,Daniel Hill,Video,PEA 2024 - Workshop 11 - Session 1 - Video,https://drive.google.com/file/d/1swRgByOekUjgegcUSK79S8ywoU26KHYo/view?usp=drive_link,Done-A,same as 300,,
PEA,2024,11,August 2024,Championship Season: Make it Count,1,Walk The Talk: Championship Season,The Chairman,Daniel Hill,Transcript,PEA 2024 - Workshop 11 - Session 1 - Transcript,,,,,
PEA,2024,11,August 2024,Championship Season: Make it Count,1,Walk The Talk: Championship Season,Back to Back Leasing,Adam Goff,Video,PEA 2024 - Workshop 11 - Session 1 - Video,https://drive.google.com/file/d/1swRgByOekUjgegcUSK79S8ywoU26KHYo/view?usp=drive_link,Done-A,same as 300,Tony Rigby is NOT speaking in this session â€” Jay covered his segment.,"Tony is named in the Workbook, However I have now removed him from Column I and changed the main speaker for the session to Adam (host) as this is a ""Walk The Talk"" session with various delegate speakers "
PEA,2024,11,August 2024,Championship Season: Make it Count,1,Walk The Talk: Championship Season,Back to Back Leasing,Adam Goff,Transcript,PEA 2024 - Workshop 11 - Session 1 - Transcript,,,,,
PEA,2024,11,August 2024,Championship Season: Make it Count,1,Walk The Talk: Championship Season,Walk the Talk,Adam Goff,Video,PEA 2024 - Workshop 11 - Session 1 - Video,https://drive.google.com/file/d/1swRgByOekUjgegcUSK79S8ywoU26KHYo/view?usp=drive_link,Done-A,same as 300,,
PEA,2024,11,August 2024,Championship Season: Make it Count,1,Walk The Talk: Championship Season,Walk the Talk,Adam Goff,Transcript,PEA 2024 - Workshop 11 - Session 1 - Transcript,,,,,
PEA,2024,11,August 2024,Championship Season: Make it Count,1,Walk The Talk: Championship Season,Championship Season - You Get What You Focus On,Adam Goff,Video,PEA 2024 - Workshop 11 - Session 1 - Video,https://drive.google.com/file/d/1swRgByOekUjgegcUSK79S8ywoU26KHYo/view?usp=drive_link,Done-A,same as 300,,
PEA,2024,11,August 2024,Championship Season: Make it Count,1,Walk The Talk: Championship Season,Championship Season - You Get What You Focus On,Adam Goff,Transcript,PEA 2024 - Workshop 11 - Session 1 - Transcript,,,,,
PEA,2024,11,August 2024,Championship Season: Make it Count,2,Window of Opportunity - Changing of the Guard,,Daniel Hill,Video,PEA 2024 - Workshop 11 - Session 2 - Video,https://drive.google.com/file/d/1l37pD6f4uvVbs9iqh1cBO5btzqvXfLKx/view?usp=drive_link,Done-A,,,
PEA,2024,11,August 2024,Championship Season: Make it Count,2,Window of Opportunity - Changing of the Guard,,Daniel Hill,Transcript,PEA 2024 - Workshop 11 - Session 2 - Transcript,,,,,
PEA,2024,11,August 2024,Championship Season: Make it Count,3,Money Matters: Sell Sell Sell - Advanced Communication,World of Whatsapp,Adam Goff,Video,PEA 2024 - Workshop 11 - Session 3 - Video,https://drive.google.com/file/d/1ZfqNBkR-Q2mtRY79I6JIyRMTTsZN77sd/view?usp=drive_link,Done-A,same,Adam Goff is not present in the whole Transcription,Yes - As he shares the Session with Dan
PEA,2024,11,August 2024,Championship Season: Make it Count,3,Money Matters: Sell Sell Sell - Advanced Communication,World of Whatsapp,Adam Goff,Transcript,PEA 2024 - Workshop 11 - Session 3 - Transcript,,,,,
PEA,2024,11,August 2024,Championship Season: Make it Count,3,Money Matters: Sell Sell Sell - Money on the Table,Money on the Table,Daniel Hill,Video,PEA 2024 - Workshop 11 - Session 3 - Video,https://drive.google.com/file/d/1ZfqNBkR-Q2mtRY79I6JIyRMTTsZN77sd/view?usp=drive_link,Done-A,same as 312,,
PEA,2024,11,August 2024,Championship Season: Make it Count,3,Money Matters: Sell Sell Sell - Money on the Table,Money on the Table,Daniel Hill,Transcript,PEA 2024 - Workshop 11 - Session 3 - Transcript,,,,,
PEA,2024,11,August 2024,Championship Season: Make it Count,,Workbook,,,Workbook,PEA 2024 - Workshop 11 - Workbook,https://drive.google.com/file/d/1jVF8CGbijmxsHQ49J_7m1yb6RbYTchtm/view?usp=drive_link,pdf,,done,
PEA,2024,12,September 2024,The Awards,1,Level Up,Level Up Leadership,Adam Goff,Video,PEA 2024 - Workshop 12 - Session 1 - Video,https://drive.google.com/file/d/1_UHSZbBOOHn6ShcJKiZP-CXT_t6oP0kM/view?usp=drive_link,Done-A,same,,
PEA,2024,12,September 2024,The Awards,1,Level Up,Level Up Leadership,Adam Goff,Transcript,PEA 2024 - Workshop 12 - Session 1 - Transcript,,,,,
PEA,2024,12,September 2024,The Awards,1,Level Up,Inspiration Station: Big 6 Marathons,Kevin Edge,Video,PEA 2024 - Workshop 12 - Session 1 - Video,https://drive.google.com/file/d/1_UHSZbBOOHn6ShcJKiZP-CXT_t6oP0kM/view?usp=drive_link,,same as 319,,
PEA,2024,12,September 2024,The Awards,1,Level Up,Inspiration Station: Big 6 Marathons,Kevin Edge,Transcript,PEA 2024 - Workshop 12 - Session 1 - Transcript,,,,,
PEA,2024,12,September 2024,The Awards,1,Level Up,Inspiration Station: Community Champion,Steve Hammond,Video,PEA 2024 - Workshop 12 - Session 1 - Video,,,,,
PEA,2024,12,September 2024,The Awards,1,Level Up,Inspiration Station: Community Champion,Steve Hammond,Transcript,PEA 2024 - Workshop 12 - Session 1 - Transcript,,,,,
PEA,2024,12,September 2024,The Awards,1,Level Up,Level Up Your Life,Daniel Hill,Video,PEA 2024 - Workshop 12 - Session 1 - Video,https://drive.google.com/file/d/1_UHSZbBOOHn6ShcJKiZP-CXT_t6oP0kM/view?usp=drive_link,, same as 319,,
PEA,2024,12,September 2024,The Awards,1,Level Up,Level Up Your Life,Daniel Hill,Transcript,PEA 2024 - Workshop 12 - Session 1 - Transcript,,,,,
PEA,2024,12,September 2024,The Awards,1,Level Up,Work By Reward,Adam Goff,Video,PEA 2024 - Workshop 12 - Session 1 - Video,https://drive.google.com/file/d/1_UHSZbBOOHn6ShcJKiZP-CXT_t6oP0kM/view?usp=drive_link,,same as 325,,
PEA,2024,12,September 2024,The Awards,1,Level Up,Work By Reward,Adam Goff,Transcript,PEA 2024 - Workshop 12 - Session 1 - Transcript,,,,,
PEA,2024,12,September 2024,The Awards,2,Complete Before Christmas,Head to Head,Daniel Hill,Video,PEA 2024 - Workshop 12 - Session 2 - Video,https://drive.google.com/file/d/1XvpuH8aF-j3eSmptbeUso3oon9TRIsPe/view?usp=drive_link,Done-A,same,,
PEA,2024,12,September 2024,The Awards,2,Complete Before Christmas,Head to Head,Daniel Hill,Transcript,PEA 2024 - Workshop 12 - Session 2 - Transcript,,,,,
PEA,2024,12,September 2024,The Awards,2,Complete Before Christmas,Head to Head,Adam Goff,Video,PEA 2024 - Workshop 12 - Session 2 - Video,https://drive.google.com/file/d/1XvpuH8aF-j3eSmptbeUso3oon9TRIsPe/view?usp=drive_link,,same as 329,,
PEA,2024,12,September 2024,The Awards,2,Complete Before Christmas,Head to Head,Adam Goff,Transcript,PEA 2024 - Workshop 12 - Session 2 - Transcript,,,,,
PEA,2024,12,September 2024,The Awards,2,Complete Before Christmas,Deal Of The Year - The Finals,Adam Goff,Video,PEA 2024 - Workshop 12 - Session 2 - Video,https://drive.google.com/file/d/1XvpuH8aF-j3eSmptbeUso3oon9TRIsPe/view?usp=drive_link,,same as 329,,
PEA,2024,12,September 2024,The Awards,2,Complete Before Christmas,Deal Of The Year - The Finals,Adam Goff,Transcript,PEA 2024 - Workshop 12 - Session 2 - Transcript,,,,,
PEA,2024,12,September 2024,The Awards,2,Complete Before Christmas,,Daniel Hill,Video,PEA 2024 - Workshop 12 - Session 2 - Video,https://drive.google.com/file/d/1XvpuH8aF-j3eSmptbeUso3oon9TRIsPe/view?usp=drive_link,,same as 329,,
PEA,2024,12,September 2024,The Awards,2,Complete Before Christmas,,Daniel Hill,Transcript,PEA 2024 - Workshop 12 - Session 2 - Transcript,,,,,
PEA,2024,12,September 2024,The Awards,3,End Of Year Presentations - The Finals,,Adam Goff,Video,PEA 2024 - Workshop 12 - Session 3 - Video,https://drive.google.com/file/d/1IY1GBAQ-9m8RrAojGB_eWGMJ58fv9Ceu/view?usp=drive_link,Done-A,,,
PEA,2024,12,September 2024,The Awards,3,End Of Year Presentations - The Finals,,Adam Goff,Transcript,PEA 2024 - Workshop 12 - Session 3 - Transcript,,,,,
PEA,2024,12,September 2024,The Awards,,Workbook,,,Workbook,PEA 2024 - Workshop 12 - Workbook,https://drive.google.com/file/d/1DsuQdZWVqUXKod-IQz2Jiu0GlHkSchCg/view?usp=drive_link,PDF,,done,
PEA,2025,2,November 2024,Strategy Sessions,1,Easy Money,,Daniel Hill,Video,PEA 2025 - Workshop 02 - Session 1 - Video,https://drive.google.com/file/d/1XLoliAAF2GXGE-8Qy_GB39pr7Afuti7I/view?usp=drive_link,Done-A,,,
PEA,2025,2,November 2024,Strategy Sessions,1,Easy Money,,Daniel Hill,Transcript,PEA 2025 - Workshop 02 - Session 1 - Transcript,,,,,
PEA,2025,2,November 2024,Strategy Sessions,1,Headline Strategy,Destination in the Sat Nav,Adam Goff,Video,PEA 2025 - Workshop 02 - Session 2 - Video,https://drive.google.com/file/d/14yBzZ9GxyncBRJ4tInjnD45p-PstZrQ1/view?usp=drive_link,Done-A,same,,
PEA,2025,2,November 2024,Strategy Sessions,1,Headline Strategy,Destination in the Sat Nav,Adam Goff,Transcript,PEA 2025 - Workshop 02 - Session 2 - Transcript,,,,,
PEA,2025,2,November 2024,Strategy Sessions,1,Prime Time Workshop,Strategy Sessions,Shiv Haria,Video,PEA 2025 - Workshop 02 - Session 2 - Video,https://drive.google.com/file/d/14yBzZ9GxyncBRJ4tInjnD45p-PstZrQ1/view?usp=drive_link,Done-A,same as 342,,
PEA,2025,2,November 2024,Strategy Sessions,1,Prime Time Workshop,Strategy Sessions,Shiv Haria,Transcript,PEA 2025 - Workshop 02 - Session 2 - Transcript,,,,,
PEA,2025,2,November 2024,Strategy Sessions,1,Prime Time Workshop,Winter Hit List,Shiv Haria,Video,PEA 2025 - Workshop 02 - Session 2 - Video,https://drive.google.com/file/d/14yBzZ9GxyncBRJ4tInjnD45p-PstZrQ1/view?usp=drive_link,Done-A,same as 342,,
PEA,2025,2,November 2024,Strategy Sessions,1,Prime Time Workshop,Winter Hit List,Shiv Haria,Transcript,PEA 2025 - Workshop 02 - Session 2 - Transcript,,,,,
PEA,2025,2,November 2024,Strategy Sessions,2,Bulletproof Business Model,Advanced Business Modelling,Josh Keegan,Video,PEA 2025 - Workshop 02 - Session 2 - Video,https://drive.google.com/file/d/14yBzZ9GxyncBRJ4tInjnD45p-PstZrQ1/view?usp=drive_link,Done-A,same as 342,,
PEA,2025,2,November 2024,Strategy Sessions,2,Bulletproof Business Model,Advanced Business Modelling,Josh Keegan,Transcript,PEA 2025 - Workshop 02 - Session 2 - Transcript,,,,,
PEA,2025,2,November 2024,Strategy Sessions,3,Master the Market,Budget Review,Daniel Hill,Video,PEA 2025 - Workshop 02 - Session 3 - Video,"https://drive.google.com/file/d/1o4N2cPCu4k7lirxAJEhQt3I6uGwhcrSC/view?usp=drive_link
https://drive.google.com/file/d/12OfaCeHWuo67AEGlaxf65g2ufs7r2lHb/view?usp=drive_link",Done-A,same 1st,First Link to be Downloaded,
PEA,2025,2,November 2024,Strategy Sessions,3,Master the Market,Budget Review,Daniel Hill,Transcript,PEA 2025 - Workshop 02 - Session 3 - Transcript,,,,,
PEA,2025,2,November 2024,Strategy Sessions,3,Rate My Business Now,,Daniel Hill,Video,PEA 2025 - Workshop 02 - Session 3 - Video,"https://drive.google.com/file/d/1o4N2cPCu4k7lirxAJEhQt3I6uGwhcrSC/view?usp=drive_link
https://drive.google.com/file/d/12OfaCeHWuo67AEGlaxf65g2ufs7r2lHb/view?usp=drive_link",Done-A,same 1st 350,,
PEA,2025,2,November 2024,Strategy Sessions,3,Rate My Business Now,,Daniel Hill,Transcript,PEA 2025 - Workshop 02 - Session 3 - Transcript,,,,,
PEA,2025,2,November 2024,Strategy Sessions,3,Know Your Number,"3 KPI's; Wealth, Health, Life by Design",Adam Goff,Video,PEA 2025 - Workshop 02 - Session 3 - Video,"https://drive.google.com/file/d/1o4N2cPCu4k7lirxAJEhQt3I6uGwhcrSC/view?usp=drive_link
https://drive.google.com/file/d/12OfaCeHWuo67AEGlaxf65g2ufs7r2lHb/view?usp=drive_link",Done-A,same 1st 350,,
PEA,2025,2,November 2024,Strategy Sessions,3,Know Your Number,"4 KPI's; Wealth, Health, Life by Design",Adam Goff,Transcript,PEA 2025 - Workshop 02 - Session 3 - Transcript,,,,,
PEA,2025,2,November 2024,Strategy Sessions,3,Year Of,"Challenge, Experience, Adventure, Reward",Shiv Haria ,Video,PEA 2025 - Workshop 02 - Session 3 - Video,"https://drive.google.com/file/d/1o4N2cPCu4k7lirxAJEhQt3I6uGwhcrSC/view?usp=drive_link
https://drive.google.com/file/d/12OfaCeHWuo67AEGlaxf65g2ufs7r2lHb/view?usp=drive_link",Done-A,same 1st 350,,
PEA,2025,2,November 2024,Strategy Sessions,3,Year Of,"Challenge, Experience, Adventure, Reward",Shiv Haria,Transcript,PEA 2025 - Workshop 02 - Session 3 - Transcript,,,,,
PEA,2025,2,November 2024,Strategy Sessions,,Workbook,,,Workbook,PEA 2025 - Workshop 02 - Workbook,https://drive.google.com/file/d/1Zy2IwBG_crgqNKPXExxJi_imxgjppF0W/view?usp=drive_link,pdf,,done,
PEA,2025,2,November 2024,Strategy Sessions,3,Bluecrest Health Checks Brochure,,,Resources,PEA 2025 - Workshop 02 - Resources/Templates,2024_UK_B2E_Health_Checks_Brochure.pdf,**Plus all other resources from WS2 2024,,done,
PEA,2025,2,November 2024,Strategy Sessions,1,Budget report overview resourc3,,,Resources,PEA 2025 - Workshop 02 - Resources/Templates,The_Budget_Report_KeyPointOverview_Nov24.pdf,,,done,
PEA,2025,3,December 2024,Raise Your Rate,1,Delegate to Elevate,Raise Your Rate,Daniel Hill,Video,PEA 2025 - Workshop 03 - Session 1 - Video,https://drive.google.com/file/d/13q86SxmLUin4dC_GCj_Ek2K9R3RnJ1r-/view?usp=drive_link,DONE-M,same,,
PEA,2025,3,December 2024,Raise Your Rate,1,Delegate to Elevate,Raise Your Rate,Daniel Hill,Transcript,PEA 2025 - Workshop 03 - Session 1 - Transcript,,,,,
PEA,2025,3,December 2024,Raise Your Rate,1,Delegate to Elevate,Know Your Place,Daniel Hill,Video,PEA 2025 - Workshop 03 - Session 1 - Video,https://drive.google.com/file/d/13q86SxmLUin4dC_GCj_Ek2K9R3RnJ1r-/view?usp=drive_link,Done-M,same as 359,,
PEA,2025,3,December 2024,Raise Your Rate,1,Delegate to Elevate,Know Your Place,Daniel Hill,Transcript,PEA 2025 - Workshop 03 - Session 1 - Transcript,,,,,
PEA,2025,3,December 2024,Raise Your Rate,2,Winter Hit List,WHL: Prime Time Workshop,Josh Keegan,Video,PEA 2025 - Workshop 03 - Session 2 - Video,https://drive.google.com/file/d/1Sm5NHl2Y3KN8rgLsx-Mkv_F3H74y5iVA/view?usp=drive_link,Done-M,same,,
PEA,2025,3,December 2024,Raise Your Rate,2,Winter Hit List,WHL: Prime Time Workshop,Josh Keegan,Transcript,PEA 2025 - Workshop 03 - Session 2 - Transcript,,,,,
PEA,2025,3,December 2024,Raise Your Rate,2,Winter Hit List,Game of Four Quarters,Adam Goff,Video,PEA 2025 - Workshop 03 - Session 2 - Video,https://drive.google.com/file/d/1Sm5NHl2Y3KN8rgLsx-Mkv_F3H74y5iVA/view?usp=drive_link,Done-M,363,,
PEA,2025,3,December 2024,Raise Your Rate,2,Winter Hit List,Game of Four Quarters,Adam Goff,Transcript,PEA 2025 - Workshop 03 - Session 2 - Transcript,,,,,
PEA,2025,3,December 2024,Raise Your Rate,3,Prime Time Workshop,Strategic Positioning,Adam Goff,Video,PEA 2025 - Workshop 03 - Session 3 - Video,https://drive.google.com/file/d/1u6_wDOq_UnNkoCQvBNsvRK5pvytm19Z4/view?usp=drive_link,Done-M,same,,
PEA,2025,3,December 2024,Raise Your Rate,3,Prime Time Workshop,Strategic Positioning,Adam Goff,Transcript,PEA 2025 - Workshop 03 - Session 3 - Transcript,,,,,
PEA,2025,3,December 2024,Raise Your Rate,3,Prime Time Workshop,Strategy Session,Daniel Hill,Video,PEA 2025 - Workshop 03 - Session 3 - Video,https://drive.google.com/file/d/1u6_wDOq_UnNkoCQvBNsvRK5pvytm19Z4/view?usp=drive_link,Done-M,same as 367,,
PEA,2025,3,December 2024,Raise Your Rate,3,Prime Time Workshop,Strategy Session,Daniel Hill,Transcript,PEA 2025 - Workshop 03 - Session 3 - Transcript,,,,,
PEA,2025,3,December 2024,Raise Your Rate,3,Prime Time Workshop,Strategy Day Setup,Josh Keegan,Video,PEA 2025 - Workshop 03 - Session 3 - Video,https://drive.google.com/file/d/1u6_wDOq_UnNkoCQvBNsvRK5pvytm19Z4/view?usp=drive_link,Done-M,same as 367,,
PEA,2025,3,December 2024,Raise Your Rate,3,Prime Time Workshop,Strategy Day Setup,Josh Keegan,Transcript,PEA 2025 - Workshop 03 - Session 3 - Transcript,,,,,
PEA,2025,3,December 2024,Raise Your Rate,,Workbook,,,Workbook,PEA 2025 - Workshop 03 - Workbook,https://drive.google.com/file/d/1Yn34J_QqYKDGxVATIyD_MnLbQZ7BZQiv/view?usp=drive_link,,,done,
PEA,2025,3,December 2024,Raise Your Rate,1,Know your Place Accountabilty Chart / Management Model Template,,,Template,PEA 2025 - Workshop 03 - Resources/Templates,Know_Your_Place_-_Management_Model_1_.xlsx,**Plus all other resources from WS3 2024,,done,
PEA,2025,4,January 2025,Strategy Day,1,Professional Development Plan (PDP),Phased Contracts,Adam Goff,Video,PEA 2025 - Workshop 04 - Session 1 - Video,https://drive.google.com/file/d/1GwLSAuFsTiRqJLR6IBQE7eHNKDKI1tyE/view?usp=drive_link,Done-M,,,
PEA,2025,4,January 2025,Strategy Day,1,Professional Development Plan (PDP),Phased Contracts,Adam Goff,Transcript,PEA 2025 - Workshop 04 - Session 1 - Transcript,,,,,
PEA,2025,4,January 2025,Strategy Day,2,Campaign Strategy Blueprint,,Chris Moss,Video,PEA 2025 - Workshop 04 - Session 2 - Video,https://drive.google.com/file/d/1OKA_Oc4wBngOhsoZcymmxzqSM92I_IDA/view?usp=drive_link,Done-M,,,
PEA,2025,4,January 2025,Strategy Day,2,Campaign Strategy Blueprint,,Chris Moss,Transcript,PEA 2025 - Workshop 04 - Session 2 - Transcript,,,,,
PEA,2025,4,January 2025,Strategy Day,3,Strategy Awards Finals,,Shiv Haria,Video,PEA 2025 - Workshop 04 - Session 3 - Video,https://drive.google.com/file/d/1UTVPYTer6xhIPudhplKF84QPguCMiUnS/view?usp=drive_link,Done-M,,,
PEA,2025,4,January 2025,Strategy Day,3,Strategy Awards Finals,,Shiv Haria,Transcript,PEA 2025 - Workshop 04 - Session 3 - Transcript,,,,,
PEA,2025,4,January 2025,Strategy Day,,Workbook,,,Workbook,PEA 2025 - Workshop 04 - Workbook,https://drive.google.com/file/d/19u_RGPR0AZ7Eezyhe3FctiPUyTsYPiz0/view?usp=drive_link,Pdf,,done,
PEA,2025,4,January 2025,Strategy Day,1,Phased Contract Example,,,Resources,PEA 2025 - Workshop 04 - Resources/Templates,EXAMPLE_PHASED_CONTRACT.docx,,,done,
PEA,2025,4,January 2025,Strategy Day,1,PDP Master Template,,,Template,PEA 2025 - Workshop 04 - Resources/Templates,PE_MASTER_TEMPLATE_PDP.docx,,,done,
PEA,2025,4,January 2025,Strategy Day,1,Eample PDP Team member / portfolio manager,,,Resources,PEA 2025 - Workshop 04 - Resources/Templates,PPNUK_EXAMPLE_PDP_TeamMember_PortfolioManager.pdf,,,done,
PEA,2025,5,February 2025,"High Performance: Management, Marketing, Leadership",1,PDP Part II: HPM & HPL,"PDP Part II - Pay, Packages & Incentives",Daniel Hill,Video,PEA 2025 - Workshop 05 - Session 1 - Video,https://drive.google.com/file/d/1Bk763U9GKjY4wmya0H_3aVeSrU1zh4g1/view?usp=drive_link,Done-A,same,,
PEA,2025,5,February 2025,"High Performance: Management, Marketing, Leadership",1,PDP Part II: HPM & HPL,"PDP Part II - Pay, Packages & Incentives",Daniel Hill,Transcript,PEA 2025 - Workshop 05 - Session 1 - Transcript,,,,,
PEA,2025,5,February 2025,"High Performance: Management, Marketing, Leadership",1,PDP Part II: HPM & HPL,HPM & HPL Dates,Shiv Haria,Video,PEA 2025 - Workshop 05 - Session 1 - Video,https://drive.google.com/file/d/1Bk763U9GKjY4wmya0H_3aVeSrU1zh4g1/view?usp=drive_link,,same as 381,,
PEA,2025,5,February 2025,"High Performance: Management, Marketing, Leadership",1,PDP Part II: HPM & HPL,HPM & HPL Dates,Shiv Haria,Transcript,PEA 2025 - Workshop 05 - Session 1 - Transcript,,,,,
PEA,2025,5,February 2025,"High Performance: Management, Marketing, Leadership",2,Ultimate Performance Pack,,Josh Keegan,Video,PEA 2025 - Workshop 05 - Session 2 - Video,https://drive.google.com/file/d/14UBaKGx7AT6WV8LpacvKVCi2eZWacMBL/view?usp=drive_link,Done-A,,,
PEA,2025,5,February 2025,"High Performance: Management, Marketing, Leadership",2,Ultimate Performance Pack,,Josh Keegan,Transcript,PEA 2025 - Workshop 05 - Session 2 - Transcript,,,,,
PEA,2025,5,February 2025,"High Performance: Management, Marketing, Leadership",3,Future Proof Funnels,,Chris Hill,Video,PEA 2025 - Workshop 05 - Session 3 - Video,https://drive.google.com/file/d/1vXy4uQyy32FeyL1vhXndTW0hhktmf4OZ/view?usp=drive_link,Done-A,,,
PEA,2025,5,February 2025,"High Performance: Management, Marketing, Leadership",3,Future Proof Funnels,,Chris Hill,Transcript,PEA 2025 - Workshop 05 - Session 3 - Transcript,,,,,
PEA,2025,5,February 2025,"High Performance: Management, Marketing, Leadership",,Workbook,,,Workbook,PEA 2025 - Workshop 05 - Workbook,https://drive.google.com/file/d/1xCrlsENzdGuG3mXkGxLUB8OgOOtQ-9G3/view?usp=drive_link,PDF,,done,
PEA,2025,6,March 2025,Rolls Rpyce Rythm,1,Driving by the Dashboard,Company KPIâ€™s - Directorâ€™s Dashboard,Daniel Hill,Video,PEA 2025 - Workshop 06 - Session 1 - Video,https://drive.google.com/file/d/18EaiGmXooZn3NBklCRbXDaejFoKO-DB4/view?usp=drive_link,Done-A,same,,
PEA,2025,6,March 2025,Rolls Rpyce Rythm,1,Driving by the Dashboard,Company KPIâ€™s - Directorâ€™s Dashboard,Daniel Hill,Transcript,PEA 2025 - Workshop 06 - Session 1 - Transcript,,,,,
PEA,2025,6,March 2025,Rolls Rpyce Rythm,1,Driving by the Dashboard,Team KPIâ€™s - Directorâ€™s Dashboard,Daniel Hill,Video,PEA 2025 - Workshop 06 - Session 1 - Video,https://drive.google.com/file/d/18EaiGmXooZn3NBklCRbXDaejFoKO-DB4/view?usp=drive_link,Done-A,same as 390,,
PEA,2025,6,March 2025,Rolls Rpyce Rythm,1,Driving by the Dashboard,Team KPIâ€™s - Directorâ€™s Dashboard,Daniel Hill,Transcript,PEA 2025 - Workshop 06 - Session 1 - Transcript,,,,,
PEA,2025,6,March 2025,Rolls Rpyce Rythm,2,Master the Market Update,,Daniel Hill,Video,PEA 2025 - Workshop 06 - Session 2 - Video,https://drive.google.com/file/d/1zAu6gzewWOCsetQvDVAYNG1v-NUEaTzJ/view?usp=drive_link,Done-A,same,,
PEA,2025,6,March 2025,Rolls Rpyce Rythm,2,Master the Market Update,,Daniel Hill,Transcript,PEA 2025 - Workshop 06 - Session 2 - Transcript,,,,,
PEA,2025,6,March 2025,Rolls Rpyce Rythm,2,My House,,Adam Goff,Video,PEA 2025 - Workshop 06 - Session 2 - Video,https://drive.google.com/file/d/1zAu6gzewWOCsetQvDVAYNG1v-NUEaTzJ/view?usp=drive_link,Done-A,same as 394,,
PEA,2025,6,March 2025,Rolls Rpyce Rythm,2,My House,,Adam Goff,Transcript,PEA 2025 - Workshop 06 - Session 2 - Transcript,,,,,
PEA,2025,6,March 2025,Rolls Rpyce Rythm,3,Business Plan in a Day Blueprint,,Shiv Haria,Video,PEA 2025 - Workshop 06 - Session 3 - Video,https://drive.google.com/file/d/1hlhl_dEcLXP_QJ3N-c5tcodMf2_ru_WD/view?usp=drive_link,Done-A,same,,
PEA,2025,6,March 2025,Rolls Rpyce Rythm,3,Business Plan in a Day Blueprint,,Shiv Haria,Transcript,PEA 2025 - Workshop 06 - Session 3 - Transcript,,,,,
PEA,2025,6,March 2025,Rolls Rpyce Rythm,3,PE AI Showcase,,Tsen Wharton,Video,PEA 2025 - Workshop 06 - Session 3 - Video,https://drive.google.com/file/d/1hlhl_dEcLXP_QJ3N-c5tcodMf2_ru_WD/view?usp=drive_link,Done-A,same as 398,Watched the whole video their is no such person named Tsen Whartan,"There is indeed, he is introduced 30 mins in"
PEA,2025,6,March 2025,Rolls Rpyce Rythm,3,PE AI Showcase,,Tsen Wharton,Transcript,PEA 2025 - Workshop 06 - Session 3 - Transcript,,,,,
PEA,2025,6,March 2025,Rolls Rpyce Rythm,3,PE AI Showcase,,Graham Lindley,Video,PEA 2025 - Workshop 06 - Session 3 - Video,https://drive.google.com/file/d/1hlhl_dEcLXP_QJ3N-c5tcodMf2_ru_WD/view?usp=drive_link,Done-A,same as 398,,
PEA,2025,6,March 2025,Rolls Rpyce Rythm,3,PE AI Showcase,,Graham Lindley,Transcript,PEA 2025 - Workshop 06 - Session 3 - Transcript,,,,,
PEA,2025,6,March 2025,Rolls Rpyce Rythm,,Workbook,,,Workbook,PEA 2025 - Workshop 06 - Workbook,https://drive.google.com/file/d/1iKzVTIvLt_SqieDLVeMm4y7JUMwlKjTp/view?usp=drive_link,PDF,,done,
PEA,2025,7,April 2025,Set and Forget,1,Tangible Targets,Set & Forget - The Tangible Targets Blueprint,Adam Goff,Video,PEA 2025 - Workshop 07 - Session 1 - Video,https://drive.google.com/file/d/1U6Jl3618CYJKrmpx39jstXC0GbtoQ3q8/view?usp=drive_link,Done-M ,same,,
PEA,2025,7,April 2025,Set and Forget,1,Tangible Targets,Set & Forget - The Tangible Targets Blueprint,Adam Goff,Transcript,PEA 2025 - Workshop 07 - Session 1 - Transcript,,,,,
PEA,2025,7,April 2025,Set and Forget,1,PE AI Showcase,,Richard Evans,Video,PEA 2025 - Workshop 07 - Session 1 - Video,https://drive.google.com/file/d/1U6Jl3618CYJKrmpx39jstXC0GbtoQ3q8/view?usp=drive_link,Done-M ,same as 405,,
PEA,2025,7,April 2025,Set and Forget,1,PE AI Showcase,,Richard Evans,Transcript,PEA 2025 - Workshop 07 - Session 1 - Transcript,,,,,
PEA,2025,7,April 2025,Set and Forget,2,Welcome Aboard,Master the Market,Daniel Hill,Video,PEA 2025 - Workshop 07 - Session 2 - Video,https://drive.google.com/file/d/11Z5oxDbby30qOoPGgmj1ltn2uiMlK_rs/view?usp=drive_link,Done-M ,same,,
PEA,2025,7,April 2025,Set and Forget,2,Welcome Aboard,Master the Market,Daniel Hill,Transcript,PEA 2025 - Workshop 07 - Session 2 - Transcript,,,,,
PEA,2025,7,April 2025,Set and Forget,2,Welcome Aboard,Set & Forget - The Onboarding Blueprint,Adam Goff,Video,PEA 2025 - Workshop 07 - Session 2 - Video,https://drive.google.com/file/d/11Z5oxDbby30qOoPGgmj1ltn2uiMlK_rs/view?usp=drive_link,Done-M ,same as 409,,
PEA,2025,7,April 2025,Set and Forget,2,Welcome Aboard,Set & Forget - The Onboarding Blueprint,Adam Goff,Transcript,PEA 2025 - Workshop 07 - Session 2 - Transcript,,,,,
PEA,2025,7,April 2025,Set and Forget,3,Next Level Leadership,World Class Culture,Shiv Haria,Video,PEA 2025 - Workshop 07 - Session 3 - Video,https://drive.google.com/file/d/1If9zHyJXbZ7hQ5VabjK30jT3TLJGsbKE/view?usp=drive_link,Done-M ,same,,
PEA,2025,7,April 2025,Set and Forget,3,Next Level Leadership,World Class Culture,Shiv Haria,Transcript,PEA 2025 - Workshop 07 - Session 3 - Transcript,,,,,
PEA,2025,7,April 2025,Set and Forget,3,Next Level Leadership,The HR Blueprint,Daniel Hill,Video,PEA 2025 - Workshop 07 - Session 3 - Video,https://drive.google.com/file/d/1If9zHyJXbZ7hQ5VabjK30jT3TLJGsbKE/view?usp=drive_link,Done-M ,same as 413,,
PEA,2025,7,April 2025,Set and Forget,3,Next Level Leadership,The HR Blueprint,Daniel Hill,Transcript,PEA 2025 - Workshop 07 - Session 3 - Transcript,,,,,
PEA,2025,7,April 2025,Set and Forget,3,Next Level Leadership,Next Level Leadership,Daniel Hill,Video,PEA 2025 - Workshop 07 - Session 3 - Video,https://drive.google.com/file/d/1If9zHyJXbZ7hQ5VabjK30jT3TLJGsbKE/view?usp=drive_link,Done-M ,same as 413,,
PEA,2025,7,April 2025,Set and Forget,3,Next Level Leadership,Next Level Leadership,Daniel Hill,Transcript,PEA 2025 - Workshop 07 - Session 3 - Transcript,,,,,
PEA,2025,7,April 2025,Set and Forget,,Workbook,,,Workbook,PEA 2025 - Workshop 07 - Workbook,https://drive.google.com/file/d/1j1bGx8noKfNGsabBnZQGRZHWNSlItgJY/view?usp=drive_link,PDF,,done,
PEA,2025,8,May 2025,Six Figure Summer,1,Create an Audience,World Class Podcast Blueprint,Daniel Hill,Video,PEA 2025 - Workshop 08 - Session 1 - Video,https://drive.google.com/file/d/1BmPxTxb9Be4ZqYx43XWl4o71UjXAsPTC/view?usp=drive_link,Done-A,same,,
PEA,2025,8,May 2025,Six Figure Summer,1,Create an Audience,World Class Podcast Blueprint,Daniel Hill,Transcript,PEA 2025 - Workshop 08 - Session 1 - Transcript,,,,,
PEA,2025,8,May 2025,Six Figure Summer,1,Create an Audience,Six Figure Sales Webinar,Daniel Hill,Video,PEA 2025 - Workshop 08 - Session 1 - Video,https://drive.google.com/file/d/1BmPxTxb9Be4ZqYx43XWl4o71UjXAsPTC/view?usp=drive_link,Done-A,same as 420,,
PEA,2025,8,May 2025,Six Figure Summer,1,Create an Audience,Six Figure Sales Webinar,Daniel Hill,Transcript,PEA 2025 - Workshop 08 - Session 1 - Transcript,,,,,
PEA,2025,8,May 2025,Six Figure Summer,1,PE AI Community Showcase.,,Finn Mowat,Video,PEA 2025 - Workshop 08 - Session 1 - Video,https://drive.google.com/file/d/1BmPxTxb9Be4ZqYx43XWl4o71UjXAsPTC/view?usp=drive_link,Done-A,same as 420,,
PEA,2025,8,May 2025,Six Figure Summer,1,PE AI Community Showcase.,,Finn Mowat,Transcript,PEA 2025 - Workshop 08 - Session 1 - Transcript,,,,,
PEA,2025,8,May 2025,Six Figure Summer,2,The Blueprint Brain Transplant,,Josh Keegan,Video,PEA 2025 - Workshop 08 - Session 2 - Video,https://drive.google.com/file/d/1P9DfNH_5pMOV4VE4vCozcuc8pIdDm1dR/view?usp=drive_link,Done-A,same,,
PEA,2025,8,May 2025,Six Figure Summer,2,The Blueprint Brain Transplant,,Josh Keegan,Transcript,PEA 2025 - Workshop 08 - Session 2 - Transcript,,,,,
PEA,2025,8,May 2025,Six Figure Summer,2,HOW TO DRAW Â£100K TAX FREE,,Tej Gill,Video,PEA 2025 - Workshop 08 - Session 2 - Video,https://drive.google.com/file/d/1P9DfNH_5pMOV4VE4vCozcuc8pIdDm1dR/view?usp=drive_link,Done-A,same as 426,,
PEA,2025,8,May 2025,Six Figure Summer,2,HOW TO DRAW Â£100K TAX FREE,,Tej Gill,Transcript,PEA 2025 - Workshop 08 - Session 2 - Transcript,,,,,
PEA,2025,8,May 2025,Six Figure Summer,3,WORLD CLASS LEAD GENERATION,Nailing Your Niche,Chris Hill,Video,PEA 2025 - Workshop 08 - Session 3 - Video,https://drive.google.com/file/d/1cYjV9-IZg9SsgqDQHoxV_jLALPmXD1WT/view?usp=drive_link,Done-A,same,,
PEA,2025,8,May 2025,Six Figure Summer,3,WORLD CLASS LEAD GENERATION,Nailing Your Niche,Chris Hill,Transcript,PEA 2025 - Workshop 08 - Session 3 - Transcript,,,,,
PEA,2025,8,May 2025,Six Figure Summer,3,WORLD CLASS LEAD GENERATION,The Building Better Ads Blueprint,Chris Hill,Video,PEA 2025 - Workshop 08 - Session 3 - Video,https://drive.google.com/file/d/1cYjV9-IZg9SsgqDQHoxV_jLALPmXD1WT/view?usp=drive_link,Done-A,same as 430,,
PEA,2025,8,May 2025,Six Figure Summer,3,WORLD CLASS LEAD GENERATION,The Building Better Ads Blueprint,Chris Hill,Transcript,PEA 2025 - Workshop 08 - Session 3 - Transcript,,,,,
PEA,2025,8,May 2025,Six Figure Summer,,Workbook,,,Workbook,PEA 2025 - Workshop 08 - Workbook,https://drive.google.com/file/d/15PNb5dd5wZ6Xvy2AThHWiUBsssILJ9Ib/view?usp=drive_link,pdf,,done,
PEA,2025,8,May 2025,Six Figure Summer,1,World Class Podcast Process Resource doc,,,Resources,PEA 2025 - Workshop 08 - Resources/Templates,The_Podcast_Process_World_Class_Podcast_May_2025.pdf,,,done,