Podcast Episode #,Type,Podcast Title,Guest(s),Date of Podcast,Date of Podcast,File Type,File Name,Drive Link,Completion,Issues,OPS Feedback,Transcription,,Podcast Info:  https://docs.google.com/spreadsheets/d/1adks5SRjZncKi1wEZ7lLQu6-bbx_7UbV/edit?gid=2111867383#gid=2111867383
1,6 Rounds,6 Rounds 001 - Daniel Hill vs Adam Goff,Daniell Hill and Adam Goff,11-Feb-2020,11/02/2020,Audio,POD 2020 - Episode 001 - Audio,Dan_Hill_1_Edited_v2.mp3,Done-A,,,,,
2,The Blueprint Podcast,The Gold Rush - 2020 Market Predictions,Daniel Hilll,25-Feb-2020,25/02/2020,Audio,POD 2020 - Episode 002 - Audio,Dan_Hill_2_Edited_v2.mp3,Done-A,,,,,
3,The Blueprint Podcast,The Margins You're Missing - Property Development ,Daniel Hilll,26-Feb-2020,26/02/2020,Audio,POD 2020 - Episode 003 - Audio,Dan_Hill_3_Edited_v2.mp3,Done-A,,,,,
4,6 Rounds,6 Rounds 002 - Daniel Hill vs Rob Moore,Daniel Hill and Rob Moore,27-Feb-2020,Tuesday 27th Feb 2020,Audio,POD 2020 - Episode 004 - Audio,Dan_Hill_4_Edited.mp3,Done-A,,,,,
5,The Blueprint Podcast,Three Steps to Breaking World Records,Daniel Hill,28-Feb-2020,Tuesday 28th Feb 2020,Audio,POD 2020 - Episode 005 - Audio,Dan_Hill_5_Edited_v2.mp3,Done-A,,,,,
6,The Blueprint Podcast,FIVE problems you need to overcome,Daniel Hill,3-Mar-2020,Tuesday 3rd March 2020,Audio,POD 2020 - Episode 006 - Audio,Dan_Hill_6_Edited_v2.mp3,Done-A,,,,,
7,6 Rounds,6 Rounds 003 - Daniel Hill vs Simon Zutshi,Daniel Hill and Simon Zutshi,10-Mar-2020,Tuesday 10th March 2020,Audio,POD 2020 - Episode 007 - Audio,Dan_Hill_7_Edited_v2.mp3,Done-A,,,,,
8,The Blueprint Podcast,Get Shit Done,Daniel Hill,17-Mar-2020,Tuesday 17th March 2020,Audio,POD 2020 - Episode 008 - Audio,PE_8_Edited.mp3,Done-A,,,,,
9,The Blueprint Podcast,Webinar with Sally Lawson,Sally Lawson and Daniel Hill,12-May-2020,Tuesday 12th May 2020,Audio,POD 2020 - Episode 009 - Audio,PE_9_Edited.mp3,Done-A,,,,,
10,The Blueprint Podcast,COVID-19 Property Market & Finance,Daniel Hill and Mike Bristow,26-May-2020,Tuesday 26th May 2020,Audio,POD 2020 - Episode 010 - Audio,PE_10_Edited.mp3,Done-A,,,,,
11,The Blueprint Podcast,The UK Economy - What is ACTUALLY happening out there?,Daniel Hill and Billy Turriff ,2-Jun-2020,Tuesday 2nd June 2020,Audio,POD 2020 - Episode 011 - Audio,PE_11_Edited.mp3,Done-A,,,,,
12,The Blueprint Podcast,Karma Credits - THIS will change your life.,Daniel Hill,9-Jun-2020,Tuesday 9th June 2020,Audio,POD 2020 - Episode 012 - Audio,PE_12_Edited.mp3,Done-A,,,,,
13,The Blueprint Podcast,From Start Up to Scale Up ,Daniel Hill and Akash Vaghela,7-Jul-2020,Tuesday 7th July 2020,Audio,POD 2020 - Episode 013 - Audio,PE_13_Edited.mp3,Done-A,,,,,
14,The Blueprint Podcast,"The UK Economy, Recession & Recovery",Daniel Hill,,,Audio,POD 2020 - Episode 014 - Audio,PE_14_Edited.mp3,Done-A,,,,,
15,The Blueprint Podcast,The Secret to Success,Daniel Hill ,21-Jul-2020,Tuesday 21st July 2020,Audio,POD 2020 - Episode 015 - Audio,PE_15_Edited.mp3,Done-A,,,,,
16,The Blueprint Podcast,"Mike Frisby interviews Daniel Hill, UK 'Entrepreneur of The Year' 2018",Dan and Mike Frisby ,29-Dec-2020,Tuesday 29th December 2020,Audio,POD 2020 - Episode 016 - Audio,PEP_16_Mike_Frisby_Edited.mp3,Done-A,,,,,
17,The Blueprint Podcast,UK Economy and Property Market Predictions 2021,Dan Solo,4-Jan-2021, 4th January 2021 ,Audio,POD 2021 - Episode 017 - Audio,PEP_17_Edited.mp3,Done-A,,,,,
18,The Blueprint Podcast,2021 : 4 Reasons Why you Don't Stand a Chance,Daniel Hill  ,12-Jan-2021,Tuesday 12th January 2021 ,Audio,POD 2021 - Episode 018 - Audio,PEP_18_Edited.mp3,Done-A,,,,,
19,The Blueprint Podcast,2021 : Purpose Driven Living,Daniel Hill  ,19-Jan-2021,Tuesday 19th January 2021 ,Audio,POD 2021 - Episode 019 - Audio,PEP_19_Edited.mp3,Done-A,,,,,
20,The Blueprint Podcast,BEAST MODE,Daniel Hill and Akash ,26-Jan-2021,Tuesday 26th January 2021 ,Audio,POD 2021 - Episode 020 - Audio,PEP_20_Edited.mp3,Done-A,,,,,
21,The Blueprint Podcast,BACK YOURSELF,Daniel Hill and Susan Morrice,2-Feb-2021,Tuesday 2nd February 2021 ,Audio,POD 2021 - Episode 021 - Audio,PEP_21_Edited.mp3,Done-A,,,,,
22,The Blueprint Podcast,BOUNCE BACK BOOM ,Daniel Hill Bounce Back Boom Branding ,20-Apr-2021,Tuesday 20th April 2021 ,Audio,POD 2021 - Episode 022 - Audio,PEP_22_Edited.mp3,Done-A,,,,,
23,The Blueprint Podcast,The Five Steps to Success,Daniel Hill  ,1-Jun-2021,Tuesday 1st June 2021 ,Audio,POD 2021 - Episode 023 - Audio,PEP_23_Edited.mp3,Done-A,,,,,
24,The Blueprint Podcast,Rich Bad Wealthy Good,Daniel Hill  ,8-Jun-2021,Tuesday 8th June 2021 ,Audio,POD 2021 - Episode 024 - Audio,PEP_24_why_wanting_to_be_rich_Edited_v2.mp3,Done-A,,,,,
25,Hall of Fame,Hall of Fame Shiv Haria Lifestyle Property People ,Daniel Hill & Shiv Haria,15-Jun-2021,Tuesday 15th June 2021 ,Audio,POD 2021 - Episode 025 - Audio,PEP_25_Edited.mp3,Done-A,,,,,
26,The Blueprint Podcast,Your Health,Daniel Hill  ,22-Jun-2021,Tuesday 22nd June 2021 ,Audio,POD 2021 - Episode 026 - Audio,PEP_26_Edited.mp3,Done-A,,,,,
27,Hall of Fame,From Corporate Machine to Living the Dream : Hall of Fame Rachael Davis ,Adam Goff and Rachael Davis,29-Jun-2021,Tuesday 29th June 2021 ,Audio,POD 2021 - Episode 027 - Audio,PEP_27_Edited.mp3,Done-A,,,,,
28,The Blueprint Podcast,The Blueprint,Daniel Hill  ,6-Jul-2021,Tuesday 6th July 2021 ,Audio,POD 2021 - Episode 028 - Audio,PEP_28_Edited_v3.mp3,Done-A,,,,,
29,The Blueprint Podcast,The Championship Season,Daniel Hill  ,9-Jul-2021,Friday 9th July 2021 ,Audio,POD 2021 - Episode 029 - Audio,PEP_29_Edited.mp3,Done-A,,,,,
30,Hall of Fame,Retired at 37 - Hall of Fame Adam Goff,Daniel Hill  & Adam Goff,13-Jul-2021,Tuesday 13th July 2021 ,Audio,POD 2021 - Episode 030 - Audio,PEP_30_Edited.mp3,Done-A,,,,,
31,The Blueprint Podcast,The Sheep of Society,Daniel Hill  ,20-Jul-2021,Tuesday 20th July 2021 ,Audio,POD 2021 - Episode 031 - Audio,PEP_31_Edited.mp3,Done-A,,,,,
32,Hall of Fame,Hall of Fame Kevin Edge,Daniel Hill & Kevin Edge,27-Jul-2021,Tuesday 27th July 2021 ,Audio,POD 2021  - Episode 032 - Audio,PEP_32_Edited.mp3,Done-A,,,,,
33,The Blueprint Podcast,How To Save A Life ,Daniel Hill  ,3-Aug-2021,Tuesday 3rd August 2021 ,Audio,POD 2021 - Episode 033 - Audio,PEP_33_Edited.mp3,Done-A,,,,,
34,Hall of Fame,Hall of Fame: Mr Dan Norman,Adam Goff and Dan Norman,10-Aug-2021,Tuesday 10th August 2021 ,Audio,POD 2021 - Episode 034 - Audio,PEP_34_Edited.mp3,Done-A,,,,,
35,The Blueprint Podcast,No Problems Only Solutions,Daniel Hill  ,17-Aug-2021,Tuesday 17th August 2021 ,Audio,POD 2021 - Episode 035 - Audio,PEP_35_Edited.mp3,Done-A,,,,,
36,Hall of Fame,Hall of Fame: Bernadette & Ian Lloyd,"Josh Keegan, Ian and Bernadette Lloyed",24-Aug-2021,Tuesday 24th August 2021,Audio,POD 2021 - Episode 036 - Audio,PEP_36_Edited.mp3,Done-A,,,,,
37,6 Rounds,Six Rounds with Adam Goff and Josh Keegan,Adam Goff and Josh Keegan,31-Aug-2021,Tuesday 31st August 2021 ,Audio,POD 2021 - Episode 037 - Audio,PEP_37_Edited.mp3,Done-A,,,,,
38,Hall of Fame,Hall of Fame: Ollie Ibbotson,Adam Goff and Ollie Ibbotson,7-Sep-2021,Tuesday 7th September 2021 ,Audio,POD 2021 - Episode 038 - Audio,PEP_38_Edited.mp3,Done-A,,,,,
39,The Blueprint Podcast,The Margins You're Missing,Daniel Hill  ,14-Sep-2021,Tuesday 14th September 2021 ,Audio,POD 2021 - Episode 039 - Audio,PEP_39_Edited_v2.mp3,Done-A,,,,,
40,Hall of Fame,Hall of Fame: Rupal Patel,Josh Keegan and Rupal Patel,21-Sep-2021,Tuesday 21st September 2021 ,Audio,POD 2021 - Episode 040 - Audio,PEP_40_Edited.mp3,Done-A,,,,,
41,The Blueprint Podcast,Retired at 35,Daniel Hill,28-Sep-2021,Tuesday 28th September 2021 ,Audio,POD 2021 - Episode 041 - Audio,PEP_41_Edited.mp3,Done-A,,,,,
42,The Blueprint Podcast,Where is there,Daniel Hill,5-Oct-2021,Tuesday 5th October 2021 ,Audio,POD 2021 - Episode 042 - Audio,PEP_42_Edited.mp3,Done-A,,,,,
43,The Blueprint Podcast,Rise of the Six Figure Lifestyle Entrepreneurs,Josh Keegan,12-Oct-2021,Tuesday 12th October 2021 ,Audio,POD 2021 - Episode 043 - Audio,PEP_43_Edited.mp3,Done-A,,,,,
44,The Blueprint Podcast,The Let Down Effect,Daniel Hill  ,19-Oct-2021,Tuesday 19th October 2021 ,Audio,POD 2021 - Episode 044 - Audio,PEP_44_Edited.mp3,Done-A,,,,,
45,The Blueprint Podcast,The Bonus Brain Ache,Daniel Hill  ,26-Oct-2021,Tuesday 26th October 2021 ,Audio,POD 2021 - Episode 045 - Audio,PEP_45_Edited.mp3,Done-A,,,,,
46,The Blueprint Podcast,Simple Stress Solutions,Daniel Hill  ,2-Nov-2021,Tuesday 2nd November 2021 ,Audio,POD 2021 - Episode 046 - Audio,PEP_46_Edited.mp3,Done-A,,,,,
47,The Blueprint Podcast,The Ten Year Rule,Daniel Hill  ,9-Nov-2021,Tuesday 9th November 2021 ,Audio,POD 2021 - Episode 047 - Audio,PEP_47_Edited.mp3,Done-A,,,,,
48,Hall of Fame,Time to Exit,"Adam Goff, Sarah, Ian & Bernadette Lloyd",16-Nov-2021,Tuesday 16th November 2021 ,Audio,POD 2021 - Episode 048 - Audio,PEP_48_Edited.mp3,Done-A,,,,,
49,The Blueprint Podcast,The Task Triangle,Daniel Hill  ,23-Dec-2021,Tuesday 23rd November 2021 ,Audio,POD 2021 - Episode 049 - Audio,PEP_49_Edited.mp3,Done-A,,,,,
50,Hall of Fame,"Step Change Your Business, Step Change Your Life",Josh Keegan and Guillaume Black,30-Dec-2021,Tuesday 30th November 2021 ,Audio,POD 2021 - Episode 050 - Audio,PEP_50_Edited.mp3,Done-A,,,,,
51,The Blueprint Podcast,Raise your Rate,Daniel Hill  ,7-Dec-2021,Tuesday 7th December 2021 ,Audio,POD 2021 - Episode 051 - Audio,PEP_51_Edited.mp3,Done-A,,,,,
52,The Blueprint Podcast,The Lazy Deal Sourcer,Mark Barrett & Daniel Hill ,14-Dec-2021,Tuesday 14th December 2021 ,Audio,POD 2021 - Episode 052 - Audio,PEP_52_Edited.mp3,Done-A,,,,,
53,The Blueprint Podcast,The One Word,Daniel Hill  ,21-Dec-2021,Tuesday 21st December 2021 ,Audio,POD 2021 - Episode 053 - Audio,PEP_53_Edited.mp3,Done-A,,,,,
54,The Blueprint Podcast,Fire Up The Flywheel,Daniel Hill  ,28-Dec-2021,Tuesday 28th December 2021 ,Audio,POD 2021 - Episode 054 - Audio,PEP_54_Edited.mp3,Done-A,,,,,
55,The Blueprint Podcast,"Award Winning Property Conversion
",Mark Barrett & Andy Babbayan,1-Jan-2022,Saturday 1st January 2022,Audio,POD 2022 - Episode 055 - Audio,PEP_55_Edited_v2.mp3,Done-A,,,,,
56,The Blueprint Podcast,Everyone's a Winner,Daniel Hill  ,4-Jan-2022,Tuesday 4th January 2022,Audio,POD 2022 - Episode 056 - Audio,PEP_56_Edited.mp3,Done-A,,,,,
57,The Blueprint Podcast,Strategy Day,Daniel Hill  ,11-Jan-2022,Tuesday 11th January,Audio,POD 2022 - Episode 057 - Audio,PEP_57_Edited.mp3,Done-A,,,,,
58,The Blueprint Podcast,2022 Economic Forecast,Daniel Hill ,18-Jan-2022,Tuesday 18th January,Audio,POD 2022 - Episode 058 - Audio,PEP_58_Edited.mp3,Done-A,,,,,
59,The Blueprint Podcast,Speak My Language,Daniel Hill ,25-Jan-2022,Tuesday 25th January,Audio,POD 2022 - Episode 059 - Audio,PEP_59_Edited.mp3,Done-A,,,,,
60,The Blueprint Podcast,Commercial Multi-Let Deal,Mark Barrett & Billy Turriff,1-Feb-2022,Tuesday 1st February,Audio,POD 2022 - Episode 060 - Audio,PEP_60_Edited.mp3,Done-A,,,,,
61,The Blueprint Podcast,Don't Quote Me On This,Daniel Hill ,8-Feb-2022,Tuesday 8th February,Audio,POD 2022 - Episode 061 - Audio,PEP_61_Edited.mp3,Done-A,,,,,
62,The Blueprint Podcast,My Top 5 Book Review,Daniel Hill ,15-Feb-2022,Tuesday 15th February,Audio,POD 2022 - Episode 062 - Audio,PEP_62_Edited.mp3,Done-A,,,,,
63,The Blueprint Podcast,2022 Interest Rates vs Inflation,Daniel Hill ,22-Feb-2022,Tuesday 22nd February,Audio,POD 2022 - Episode 063 - Audio,PEP_63a_Edited.mp3,Done-A,,,,,
64,The Blueprint Podcast,Commercial to Residential Conversion,Mark Barrett & Max Scott,1-Mar-2022,Tuesday 1st March,Audio,POD 2022 - Episode 064 - Audio,PEP_64_Edited.mp3,Done-A,,,,,
65,The Blueprint Podcast,Cleaning the Palate,Daniel Hill ,8-Mar-2022,Tuesday 8th March,Audio,POD 2022 - Episode 065 - Audio,PEP_65_Edited.mp3,Done-A,,,,,
66,The Blueprint Podcast,Five Levels of Leadership,Daniel Hill ,15-Mar-2022,Tuesday 15th March,Audio,POD 2022 - Episode 066 - Audio,PEP_66_Edited.mp3,Done-A,,,,,
67,The Blueprint Podcast,The Man Behind the Mic,Daniel Hill and Mo Haykir,22-Mar-2022,Tuesday 22nd March,Audio,POD 2022 - Episode 067 - Audio,PEP_67_Edited.mp3,Done-A,,,,,
68,The Blueprint Podcast,Hunt Like a Lion,Daniel Hill ,29-Mar-2022,Tuesday 29th March,Audio,POD 2022 - Episode 068 - Audio,PEP_68_Edited.mp3,Done-A,,,,,
69,The Blueprint Podcast,Building a £2m Buy To Let Portfolio,Mark Barrett & Shiv Haria,1-Apr-2022,Friday 1st April,Audio,POD 2022 - Episode 069 - Audio,PEP_69_Edited.mp3,Done-A,,,,,
70,The Blueprint Podcast,Be Someone Worth Remembering,Daniel Hill ,5-Apr-2022,Tuesday 5th April,Audio,POD 2022 - Episode 070 - Audio,PEP_70_Edited.mp3,Done-A,,,,,
71,The Blueprint Podcast,Is Success Actually Predictable?,Daniel Hill and Ant Lyons,12-Apr-2022,Tuesday 12th April,Audio,POD 2022 - Episode 071 - Audio,PEP_71_Edited.mp3,Done-A,,,,,
72,The Blueprint Podcast,TITLE : FINANCIAL FORTRESS  - The Basics,Daniel Hill ,19-Apr-2022,Tuesday 19th April,Audio,POD 2022 - Episode 072 - Audio,PEP_72_Edited.mp3,Done-A,,,,,
73,The Blueprint Podcast,Hold My Pint,Daniel Hill ,26-Apr-2022,Tuesday 26th April,Audio,POD 2022 - Episode 073 - Audio,PEP_73_Edited.mp3,Done-A,,,,,
74,Deals Deals Deal,Adding Value and Increasing Rents,Mark Barrett & Suzi Carter,1-May-2022,Sunday 1st May,Audio,POD 2022 - Episode 074 - Audio,PEP_74_Edited.mp3,Done-A,,,,,
75,The Blueprint Podcast,"Define, Delegate, Done",Daniel Hill ,3-May-2022,Tuesday 3rd May,Audio,POD 2022 - Episode 075 - Audio,PEP_75_Edited.mp3,Done-A,,,,,
76,The Blueprint Podcast,Boom or Bust,Daniel Hill ,10-May-2022,Tuesday 10th May,Audio,POD 2022 - Episode 076 - Audio,PEP_76_Edited.mp3,Done-A,,,,,
77,The Blueprint Podcast,Sex Appeal,Daniel Hill ,17-May-2022,Tuesday 17th May,Audio,POD 2022 - Episode 077 - Audio,PEP_77_Edited.mp3,Done-A,,,,,
78,The Blueprint Podcast,"Level Up, Level Up, Level Up",Daniel Hill ,24-May-2022,Tuesday 24th May,Audio,POD 2022 - Episode 078 - Audio,PEP_78_Edited.mp3,Done-A,,,,,
79,The Blueprint Podcast,Self Awareness,Daniel Hill ,31-May-2022,Tuesday 31st May,Audio,POD 2022 - Episode 079 - Audio,PEP_79_Edited.mp3,Done-A,,,,,
80,Deals Deals Deal,From Extensions to New Build Developments,Mark Barrett & Kevin Edge,1-Jun-2022,Wednesday 1st June,Audio,POD 2022 - Episode 080 - Audio,PEP_80_Edited_v2.mp3,Done-A,,,,,
81,The Blueprint Podcast,What's your problem?,Daniel Hill ,7-Jun-2022,Tuesday 7th June,Audio,POD 2022 - Episode 081 - Audio,PEP_81_Edited.mp3,Done-A,,,,,
82,The Blueprint Podcast,The Championship Season,Daniel Hill ,14-Jun-2022,Tuesday 14th June,Audio,POD 2022 - Episode 082 - Audio,PEP_82_Edited.mp3,Done-A,,,,,
83,The Blueprint Podcast,Recession is coming,Daniel Hill ,21-Jun-2022,Tuesday 21st June,Audio,POD 2022 - Episode 083 - Audio,PEP_83_Edited_v3.mp3,Done-A,,,,,
84,The Blueprint Podcast,Beast Mode,Daniel Hill ,28-Jun-2022,Tuesday 28th June,Audio,POD 2022 - Episode 084 - Audio,PEP_84_Edited.mp3,Done-A,,,,,
85,Deals Deals Deal,Office Conversion into 5 Bed House Share,Mark Barrett & Garrett Peers,1-Jul-2022,Friday 1st July,Audio,POD 2022 - Episode 085 - Audio,PEP_85_Edited.mp3,Done-A,,,,,
86,The Blueprint Podcast,The Meaning of Life,Daniel Hill ,5-Jul-2022,Tuesday 5th July,Audio,POD 2022 - Episode 086 - Audio,PEP_86_Edited.mp3,Done-A,,,,,
87,The Blueprint Podcast,The Game,Daniel Hill ,12-Jul-2022,Tuesday 12th July,Audio,POD 2022 - Episode 087 - Audio,PEP_87_Edited.mp3,Done-A,,,,,
88,The Blueprint Podcast,Decision Fatigue,Daniel Hill ,19-Jul-2022,Tuesday 19th July,Audio,POD 2022 - Episode 088 - Audio,PEP_88_Edited.mp3,Done-A,,,,,
89,Hall of Fame,"THE ELITE ATHLETIC, THE ENTREPRENEURIAL EXIT & THE FAMILY MAN",Adam Goff and Ian Bower,26-Jul-2022,Tuesday 26th July,Audio,POD 2022 - Episode 089 - Audio,PEP_89_Edited.mp3,Done-A,Adam Goff is NOT present,Adam is indeed the Host,,,
90,Deals Deals Deal,The £10m Deal That The Masses Missed,Mark Barrett & Daniel Hill,1-Aug-2022,Monday 1st August,Audio,POD 2022 - Episode 090 - Audio,PEP_90_Edited.mp3,Done-A,,,,,
91,The Blueprint Podcast,My Question Is...,Daniel Hill ,2-Aug-2022,Tuesday 2nd August,Audio,POD 2022 - Episode 091 - Audio,PEP_91_Edited.mp3,Done-A,,,,,
92,6 Rounds,Six Rounds with Daniel Hill,Daniel Hill and Ian Bower,9-Aug-2022,Tuesday 9th August,Audio,POD 2022 - Episode 092 - Audio,PEP_92_6R_Ian_Bower_Edited.mp3,Done-A,,,,,
93,Hall of Fame,A Life Transformed,Adam Goff and Mark Shaw,15-Aug-2022,Monday 15th August,Audio,POD 2022 - Episode 093 - Audio,PEP_93_Edited.mp3,Done-A,,,,,
94,The Blueprint Podcast,Know Your Place,Daniel Hill ,16-Aug-2022,Tuesday 16th August,Audio,POD 2022 - Episode 094 - Audio,PEP_94_Edited.mp3,Done-A,,,,,
95,The Blueprint Podcast,No Money Down Deals,Daniel Hill and Simon Zutshi,23-Aug-2022,Tuesday 23rd August,Audio,POD 2022 - Episode 095 - Audio,PEP_95_Edited.mp3,Done-A,,,,,
96,The Blueprint Podcast,Living Off The Steam,Daniel Hill ,30-Aug-2022,Tuesday 30th August,Audio,POD 2022 - Episode 096 - Audio,PEP_96_Edited.mp3,Done-A,,,,,
97,Deals Deals Deal,"Started, Scaled, Systemised and Sold in Six Years",Mark Barrett and Josh Keegan,1-Sep-2022,Thursday 1st September,Audio,POD 2022 - Episode 097 - Audio,PEP_97_Edited.mp3,Done-A,,,,,
98,The Blueprint Podcast,2022 My Year of Searching,Daniel Hill ,6-Sep-2022,Tuesday 6th September,Audio,POD 2022 - Episode 098 - Audio,PEP_98_Edited.mp3,Done-A,,,,,
99,The Blueprint Podcast,Hot Spotting,Daniel Hill ,13-Sep-2022,Tuesday 13th September,Audio,POD 2022 - Episode 099 - Audio,PEP_99_Edited.mp3,Done-A,,,,,
100,The Blueprint Podcast,,,,,Audio,POD 2022 - Episode 100 - Audio,No Episode found,,,,,,
101,The Blueprint Podcast,36 Game Changers @36,Daniel Hill ,20-Sep-2022,Tuesday 20th September,Audio,POD 2022 - Episode 101 - Audio,PEP_101_Edited.mp3,Done-A,,,,,
102,The Blueprint Podcast,Negotiate Everything,Daniel Hill ,27-Sep-2022,Tuesday 27th September,Audio,POD 2022 - Episode 102 - Audio,PEP_102_Edited.mp3,Done-A,,,,,
103,Deals Deals Deal,"176,000 Sq Ft Commercial Deal with €7m Value Add",Mark Barrett and Max Scott,1-Oct-2022,Saturday 1st October,Audio,POD 2022 - Episode 103 - Audio,PEP_103_Edited.mp3,Done-A,,,,,
104,The Blueprint Podcast,Karma Credits,Daniel Hill ,4-Oct-2022,Tuesday 4th October,Audio,POD 2022 - Episode 104 - Audio,PEP_104_Edited.mp3,Done-A,,,,,
105,The Blueprint Podcast,Soul Purpose,Daniel Hill ,11-Oct-2022,Tuesday 11th October,Audio,POD 2022 - Episode 105 - Audio,PEP_105_Soul_Purpose_Edited_v2.mp3,Done-A,,,,,
106,The Blueprint Podcast,30 Million Views,Josh Keegan and Huw Davies,15-Oct-2022,Saturday 15th October,Audio,POD 2022 - Episode 106 - Audio,PEP_106_Edited.mp3,Done-A,,,,,
107,The Blueprint Podcast,Let's talk about SSAS Baby!!!,Daniel Hill and Kevin Whelan,18-Oct-2022,Tuesday 18th October,Audio,POD 2022 - Episode 107 - Audio,PEP_107_Edited.mp3,Done-A,,,,,
108,The Blueprint Podcast,"New Season, New Schedule",Daniel Hill ,25-Oct-2022,Tuesday 25th October,Audio,POD 2022 - Episode 108 - Audio,PEP_108_Edited.mp3,Done-A,,,,,
109,Deals Deals Deal,The Fireworks Factory - A Banger of a Deal!,Mark Barrett and Jen Barron,1-Nov-2022,Tuesday 1st November,Audio,POD 2022 - Episode 109 - Audio,PEP_109_Edited.mp3,Done-A,,,,,
110,The Blueprint Podcast,To Me To You,Daniel Hill ,8-Nov-2022,Tuesday 8th November,Audio,POD 2022 - Episode 110 - Audio,PEP_110_Edited.mp3,Done-A,,,,,
111,The Blueprint Podcast,"Started, Systemised, Scaled & Sold
",Adam Goff & Mark Barrett,15-Nov-2022,Tuesday 15th November,Audio,POD 2022 - Episode 111 - Audio,PEP_111_Edited.mp3,Done-A,,,,,
112,The Blueprint Podcast,Broke to Ballin,Daniel Hill ,22-Nov-2022,Tuesday 22nd November,Audio,POD 2022 - Episode 112 - Audio,PEP_112_Edited.mp3,Done-A,,,,,
113,The Blueprint Podcast,10 Lessons Learned,Daniel Hill ,29-Nov-2022,Tuesday 29th November,Audio,POD 2022 - Episode 113 - Audio,PEP_113_New_Edited.mp3,Done-A,,,,,
114,Deals Deals Deal,A Commercial Conversion with a bonus £1.5m profit,Mark Barrett and Murat Haykir,1-Dec-2022,Thursday 1st December,Audio,POD 2022 - Episode 114 - Audio,PEP_114_Edited.mp3,Done-A,,,,,
115,The Blueprint Podcast,Dopamine Detox,Daniel Hill ,6-Dec-2022,Tuesday 6th December,Audio,POD 2022 - Episode 115 - Audio,PEP_115_Edited.mp3,Done-A,,,,,
116,The Blueprint Podcast,Choose Your Challenges,Daniel Hill ,13-Dec-2022,Tuesday 13th December,Audio,POD 2022 - Episode 116 - Audio,PEP_116_Edited.mp3,Done-A,,,,,
117,The Blueprint Podcast,90%+ Margins Gained & 35kgs of Body Weight Lost,Mark Shaw,15-Dec-2022,Thursday 15th December,Audio,POD 2022 - Episode 117 - Audio,PEP_117_Edited2.mp3,Done-A,Josh is not in podcast,"This podcast is a direct recording from Mark's Workshop Presentation so its just Mark who speaks (Adam introduces him at the very beginning only). We can therefore remove Josh's name, which I have removed under column D.

Yolanda, please update the PE Podcast 2024 Spreadsheet to match - I only have view access",,,
118,The Blueprint Podcast,My Xmas Gift,Daniel Hill ,20-Dec-2022,Tuesday 20th December,Audio,POD 2022 - Episode 118 - Audio,PEP_118_Edited.mp3,Done-A,,,,,
119,The Blueprint Podcast,Your AAA Game,Daniel Hill ,27-Dec-2022,Tuesday 27th December,Audio,POD 2022 - Episode 119 - Audio,PEP_119_Edited.mp3,Done-A,,,,,
120,Deals Deals Deal,Mr Santa Makes £600k+ On One Deal!!!,Mark Barrett and Rohit Santa,1-Jan-2023,Sunday 1st January 2023,Audio,POD 2023 - Episode 120 - Audio,PEP_120_Edited.mp3,Done-A,,,,,
121,The Blueprint Podcast,New Year New You,Daniel Hill ,3-Jan-2023,Tuesday 3rd January,Audio,POD 2023 - Episode 121 - Audio,PEP_121_Edited.mp3,Done-A,,,,,
122,The Blueprint Podcast,Dan Hill's Top 5 2023 Predictions,Daniel Hill ,10-Jan-2023,Tuesday 10th January,Audio,POD 2023 - Episode 122 - Audio,PEP_122_Edited.mp3,Done-A,,,,,
123,The Blueprint Podcast,Corporate Career to Full Time Investor,Adam Goff and Billy Turriff,15-Jan-2023,Sunday 15th January,Audio,POD 2023 - Episode 123 - Audio,PEP_123_Edited.mp3,Done-A,,,,,
124,The Blueprint Podcast,Walk The Line,Daniel Hill ,17-Jan-2023,Tuesday 17th January,Audio,POD 2023 - Episode 124 - Audio,PEP_124_Edited.mp3,Done-A,,,,,
125,The Blueprint Podcast,10 Layers of Wealth,Daniel Hill ,24-Jan-2023,Tuesday 24th January,Audio,POD 2023 - Episode 125 - Audio,PEP_125_Edited.mp3,Done-A,,,,,
126,The Blueprint Podcast,2023 My Year Of...,Daniel Hill ,31-Jan-2023,Tuesday 31st January,Audio,POD 2023 - Episode 126 - Audio,PEP_126_Edited.mp3,Done-A,,,,,
127,Deals Deals Deal,How To Make £160k With A No Money Left In Deal,Mark Barrett and Martyn Woolford ,1-Feb-2023,Wednesday 1st February,Audio,POD 2023 - Episode 127 - Audio,PEP_127_Edited.mp3,Done-A,,,,,
128,The Blueprint Podcast,The Bonus Brain Ache,Daniel Hill ,7-Feb-2023,Tuesday 7th February,Audio,POD 2023 - Episode 128 - Audio,PEP_128_Edited.mp3,Done-A,,,,,
129,The Blueprint Podcast,Why Buy Private Schools...?,Daniel Hill ,14-Feb-2023,Tuesday 14th February,Audio,POD 2023 - Episode 129 - Audio,PEP_129_Edited.mp3,Done-A,,,,,
130,The Blueprint Podcast,Rosanne Meyer - Property Entrepreneur of the Year 2022,Adam Goff and Rosanna Meyer,15-Feb-2023,Wednesday 15th February,Audio,POD 2023 - Episode 130 - Audio,PEP_130_Edited.mp3,Done-A,,,,,
131,The Blueprint Podcast,Winter Hit List Blueprint,Daniel Hill ,21-Feb-2023,Tuesday 21st February,Audio,POD 2023 - Episode 131 - Audio,PEP_131_Edited.mp3,Done-A,,,,,
132,The Blueprint Podcast,The Bat Phone Blueprint,Daniel Hill ,28-Feb-2023,Tuesday 28th February,Audio,POD 2023 - Episode 132 - Audio,PEP_132_Edited.mp3,Done-A,,,,,
133,Deals Deals Deal,How to Earn £100k + Profit On One Leased Property,Mark Barrett and Jay Chauhan,1-Mar-2023,Wednesday 1st March,Audio,POD 2023 - Episode 133 - Audio,PEP_133_Edited.mp3,Done-A,,,,,
134,The Blueprint Podcast,The Bank Balance Blueprint,Daniel Hill ,7-Mar-2023,Tuesday 7th March,Audio,POD 2023 - Episode 134 - Audio,PEP_134_Edited.mp3,Done-A,,,,,
135,The Blueprint Podcast,Be Your Own Bank,Daniel Hill ,14-Mar-2023,Tuesday 14th March,Audio,POD 2023 - Episode 135 - Audio,PEP_135_Edited.mp3,Done-A,,,,,
136,The Blueprint Podcast,Financial Fortress In One Deal,Adam Goff and Roberto Scandian & Rohit Santa,15-Mar-2023,Wednesday 15th March,Audio,POD 2023 - Episode 136 - Audio,PEP_136_Edited.mp3,Done-A,,,,,
137,The Blueprint Podcast,£1 Million Business For £1,Daniel Hill ,21-Mar-2023,Tuesday 21st March,Audio,POD 2023 - Episode 137 - Audio,PEP_137_Edited.mp3,Done-A,,,,,
138,The Blueprint Podcast,The New Age Property Entrepreneur,Daniel Hill ,28-Mar-2023,Tuesday 28th March,Audio,POD 2023 - Episode 138 - Audio,PEP_138_Edited.mp3,Done-A,,,,,
139,The Blueprint Podcast,90 Mins A Week + 18 Months = £1m Portfolio,Chris Moss,1-Apr-2023,Saturday 1st April,Audio,POD 2023 - Episode 139 - Audio,PEP_139_Edited.mp3,Done-A,,,,,
140,The Blueprint Podcast,Rolls Royce For Free,Daniel Hill ,4-Apr-2023,Tuesday 4th April,Audio,POD 2023 - Episode 140 - Audio,PEP_140_Edited.mp3,Done-A,,,,,
141,The Blueprint Podcast,Do's And Don'ts For Dealmakers,Daniel Hill ,11-Apr-2023,Tuesday 11th April,Audio,POD 2023 - Episode 141 - Audio,PEP_141_Edited_v2.mp3,Done-A,,,,,
142,The Blueprint Podcast,Tony Rigby - Award Winner 2022,Adam Goff and Tony Rigby,15-Apr-2023,Saturday 15th April,Audio,POD 2023 - Episode 142 - Audio,TBP_142_Edited.mp3,Done-A,,,,,
143,The Blueprint Podcast,Rewire Your Brain,Daniel Hill ,18-Apr-2023,Tuesday 18th April,Audio,POD 2023 - Episode 143 - Audio,TBP_143_Edited.mp3,Done-A,,,,,
144,The Blueprint Podcast,Secret Property Deals,Daniel Hill ,25-Apr-2023,Tuesday 25th April,Audio,POD 2023 - Episode 144 - Audio,TBP_144_Edited_v2.mp3,Done-A,,,,,
145,The Blueprint Podcast,Property For Nothing And The Land For Free,Mark Barrett and Umesh Kalra,1-May-2023,Monday 1st May,Audio,POD 2023 - Episode 145 - Audio,TBP_145_Edited.mp3,Done-A,,,,,
146,The Blueprint Podcast,The Margins You're Missing,Daniel Hill ,2-May-2023,Tuesday 2nd May,Audio,POD 2023 - Episode 146 - Audio,TBP_146_Edited.mp3,Done-A,,,,,
147,The Blueprint Podcast,Deadlines Get Things Done Blueprint,Daniel Hill ,9-May-2023,Tuesday 9th May,Audio,POD 2023 - Episode 147 - Audio,TBP_147_Edited_v2.mp3,Done-A,,,,,
148,The Blueprint Podcast,"The Sky Is Not The Limit

",Josh Keegan and Mo Haykir,15-May-2023,Monday 15th May,Audio,POD 2023 - Episode 148 - Audio,TBP_148_Edited_v2.mp3,Done-A,,,,,
149,The Blueprint Podcast,The NPS Blueprint,Daniel Hill ,16-May-2023,Tuesday 16th May,Audio,POD 2023 - Episode 149 - Audio,TBP_149_Edited_v2.mp3,Done-A,,,,,
150,The Blueprint Podcast,Six Figure Step Up,"Daniel Hill, Ian Bower, Rohit Santa, Jay Chauhan",23-May-2023,Tuesday 23rd May,Audio,POD 2023 - Episode 150 - Audio,TBP_150_Edited_v4.mp3,Done-M,,,,,
151,The Blueprint Podcast,Success Is Easy,Daniel Hill ,30-May-2023,Tuesday 30th May,Audio,POD 2023 - Episode 151 - Audio,TBP_151_Edited.mp3,Done-M,,,,,
152,Deals Deals Deal,"Textbook Cashflow Business For 6 Figure Profits
",Mark Barrett and Tsen Wharton,1-Jun-2023,Thursday 1st June,Audio,POD 2023 - Episode 152 - Audio,TBP_152_Edited.mp3,Done-M,,,,,
153,The Blueprint Podcast,The Refurb That Made Me Half a Million,Daniel Hill ,6-Jun-2023,Tuesday 6th June,Audio,POD 2023 - Episode 153 - Audio,TBP_153_Edited.mp3,Done-M,,,,,
154,6 Rounds,"AI, Psychedelics & How Money Got Me Laid
",Daniel Hill & Akash Vaghela,13-Jun-2023,Tuesday 13th June,Audio,POD 2023 - Episode 154 - Audio,TBP_154_Edited_v2.mp3,Done-M,,,,,
155,The Blueprint Podcast,Dan Norman - Award Winner 2022,Dan Norman,15-Jun-2023,Thursday 15th June ,Audio,POD 2023 - Episode 155 - Audio,TBP_155_Edited_v2.mp3,Done-M,,,,,
156,The Blueprint Podcast,I Hate HMOs,Daniel Hill ,20-Jun-2023,Tuesday 20th June,Audio,POD 2023 - Episode 156 - Audio,TBP_156_Edited.mp3,Done-M,,,,,
157,The Blueprint Podcast,How To Make 40% Profit,Daniel Hill ,27-Jun-2023,Tuesday 27th June,Audio,POD 2023 - Episode 157 - Audio,TBP_157_Edited.mp3,Done-M,,,,,
158,Deals Deals Deal,"€280,000 Profit Using Other People’s Money",Mark Barrett and Aaron O'Flaherty,1-Jul-2023,Saturday 1st July,Audio,POD 2023 - Episode 158 - Audio,TBP_158_Edited_v3.mp3,Done-M,,,,,
159,The Blueprint Podcast,Leave Me Alone,Daniel Hill ,4-Jul-2023,Tuesday 4th July,Audio,POD 2023 - Episode 159 - Audio,TBP_159_Edited_v2.mp3,Done-M,,,,,
160,The Blueprint Podcast,The UK Economy Is Done,Daniel Hill ,11-Jul-2023,Tuesday 11th July,Audio,POD 2023 - Episode 160 - Audio,TBP_160_Edited.mp3,Done-M,,,,,
161,Hall of Fame,"Garrett Peers - Hall of Fame
",Josh Keegan and Garrett Peers,15-Jul-2023,Saturday 15th July,Audio,POD 2023 - Episode 161 - Audio,TBP_161_Edited.mp3,Done-M,,,,,
162,6 Rounds,6 Rounds with Josh Keegan,Daniel Hill & Josh Keegan,18-Jul-2023,Tuesday 18th July,Audio,POD 2023 - Episode 162 - Audio,UFD_162_Edited.mp3,Done-M,,,,,
163,The Blueprint Podcast,What Are You Hiding,Daniel Hill ,25-Jul-2023,Tuesday 25th July,Audio,POD 2023 - Episode 163 - Audio,TBP_163_Edited.mp3,Done-M,,,,,
164,Deals Deals Deal,"Commercial Conversion with over £500k Profit
",Mark Barrett and Tej Gill,1-Aug-2023,Tuesday 1st August,Audio,POD 2023 - Episode 164 - Audio,TBP_164_Edited.mp3,Done-M,,,,,
165,The Blueprint Podcast,"The Perfect Profile - Who, What & Where",Daniel Hill ,8-Aug-2023,Tuesday 8th August,Audio,POD 2023 - Episode 165 - Audio,TBP_165_Edited.mp3,Done-M,,,,,
166,Hall of Fame,"Chris Chadwick - Hall of Fame
",Josh Keegan and Chris Chadwick,15-Aug-2023,Tuesday 15th August,Audio,POD 2023 - Episode 166 - Audio,TBP_166_Edited.mp3,Done-M,,,,,
167,The Blueprint Podcast,Pull the Cord,Daniel Hill ,22-Aug-2023,Tuesday 22nd August,Audio,POD 2023 - Episode 167 - Audio,TBP_167_Edited.mp3,Done-M,,,,,
168,The Blueprint Podcast,6 Rounds with Terry Blackburn,Daniel Hill & Terry Blackburn,29-Aug-2023,Tuesday 29th August,Audio,POD 2023 - Episode 168 - Audio,No Episode found,,,,,,
169,Deals Deals Deal,"£3,000pm Profit From Commercial Conversion
",Mark Barrett and Tim Witt and Guillaume Black,1-Sep-2023,Friday 1st September,Audio,POD 2023 - Episode 169 - Audio,TBP_169_Edited.mp3,Done-M,,,,,
170,The Blueprint Podcast,7 Figure Sales Blueprint,Daniel Hill ,5-Sep-2023,Tuesday 5th September,Audio,POD 2023 - Episode 170 - Audio,TBP_170_Edited_v2.mp3,Done-M,,,,,
171,The Blueprint Podcast,New PD Rights Announced!,Daniel Hill ,12-Sep-2023,Tuesday 12th September,Audio,POD 2023 - Episode 171 - Audio,TBP_171_Edited.mp3,Done-M,,,,,
172,Hall of Fame,Suzi Carter - Hall of Fame,Josh Keegan and Suzi Carter,15-Sep-2023,Friday 15th September,Audio,POD 2023 - Episode 172 - Audio,TBP_172_Edited.mp3,Done-M,,,,,
173,The Blueprint Podcast,"How To Make £2,000,000 Profit A Year With Only 4 Employees",Daniel Hill ,19-Sep-2023,Tuesday 19th September,Audio,POD 2023 - Episode 173 - Audio,TBP_173_Edited.mp3,Done-M,,,,,
174,The Blueprint Podcast,The Secret To Growing Broke,Daniel Hill ,26-Sep-2023,Tuesday 26th September,Audio,POD 2023 - Episode 174 - Audio,TBP_174_Edited.mp3,Done-M,,,,,
175,Deals Deals Deal,Property Trading: £100K Profit From 3 Deals,Mark Barrett and David France,1-Oct-2023,Sunday 1st October,Audio,POD 2023 - Episode 175 - Audio,TBP_175_Edited.mp3,Done-M,,,,,
176,The Blueprint Podcast,Panic Attack : Stressed Out,Daniel Hill ,3-Oct-2023,Tuesday 3rd October,Audio,POD 2023 - Episode 176 - Audio,TBP_176_Studio_Edit.mp3,Done-M,,,,,
177,The Blueprint Podcast,The Property Development Business Blueprint,Daniel Hill ,10-Oct-2023,Tuesday 10th October,Audio,POD 2023 - Episode 177 - Audio,TBP_177_Edited.mp3,Done-M,,,,,
178,The Blueprint Podcast,,,15-Oct-2023,Sunday 15th October,Audio,POD 2023 - Episode 178 - Audio,No Episode found,,,,,,
179,The Blueprint Podcast,My Million Pound Mistake,Daniel Hill ,17-Oct-2023,Tuesday 17th October,Audio,POD 2023 - Episode 179 - Audio,TBP_179_Edited_v2.mp3,Done-M,,,,,
180,The Blueprint Podcast,Money For Nothing - Free Money For All!!,Daniel Hill ,24-Oct-2023,Tuesday 24th October,Audio,POD 2023 - Episode 180 - Audio,TBP_180_Edited_v2.mp3,Done-M,,,,,
181,The Blueprint Podcast,The Non Exec Director - High Value Low Volume,Daniel Hill ,31-Oct-2023,Tuesday 31st October,Audio,POD 2023 - Episode 181 - Audio,TBP_181_Edited_v2.mp3,Done-M,,,,,
182,Deals Deals Deal,Monopoly Play Using Delayed Completions,Mark Barrett and Dan Norman,1-Nov-2023,Wednesday 1st November,Audio,POD 2023 - Episode 182 - Audio,TBP_182_Edited.mp3,Done-M,,,,,
183,The Blueprint Podcast,"The Three Types of Team - Start, Scale and Sweet Spot",Daniel Hill ,7-Nov-2023,Tuesday 7th November,Audio,POD 2023 - Episode 183 - Audio,TBP_183_Edited_v2.mp3,Done-M,,,,,
184,6 Rounds,6 Rounds with Adam Lawrence,Daniel Hill & Adam Lawrence,14-Nov-2023,Tuesday 14th November,Audio,POD 2023 - Episode 184 - Audio,TBP_184_New_6R_Edited.mp3,Done-M,,,,,
185,The Blueprint Podcast,"Michael Taylor - Award Winner 2023
From Public Sector to Property Investor",Michael Taylor,15-Nov-2023,Wednesday 15th November,Audio,POD 2023 - Episode 185 - Audio,TBP_185_Edited.mp3,Done-M,,,,,
186,The Blueprint Podcast,Life By Design ,Daniel Hill ,21-Nov-2023,Tuesday 21st November,Audio,POD 2023 - Episode 186 - Audio,TBP_186_Edited.mp3,Done-M,,,,,
187,The Blueprint Podcast,Zombie Nation,Daniel Hill ,28-Nov-2023,Tuesday 28th November,Audio,POD 2023 - Episode 187 - Audio,TBP_187_Edited.mp3,Done-M,,,,,
188,Deals Deals Deal,"£100k PA Cashflow From One Deal
",Mark Barrett and Tom Appleton,1-Dec-2023,Friday 1st December,Audio,POD 2023 - Episode 188 - Audio,TBP_188_Edited.mp3,Done-M,,,,,
189,The Blueprint Podcast,Personal Cashflow Management (PCM),Daniel Hill ,5-Dec-2023,Tuesday 5th December,Audio,POD 2023 - Episode 189 - Audio,TBP_189_Edited.mp3,Done-M,,,,,
190,6 Rounds,6 Rounds with Sarah Lloyd,Daniel Hill & Sarah Lloyd,12-Dec-2023,Tuesday 12th December,Audio,POD 2023 - Episode 190 - Audio,TBP_190_Edited.mp3,Done-M,,,,,
191,The Blueprint Podcast,High Performance Entrepreneurship with Kids,Josh Keegan & Claire Reid,15-Dec-2023,Friday 15th December,Audio,POD 2023 - Episode 191 - Audio,TBP_191_Edited.mp3,Done-M,,,,,
192,Deals Deals Deal,DEALS DEALS DEALS - 5 Deals you can do in a downward market (Was 184),Daniel Hill ,19-Dec-2023,Tuesday 19th December,Audio,POD 2023 - Episode 192 - Audio,TBP_192_Edited.mp3,Done-M,,,,,
193,The Blueprint Podcast,One Word: My Gift To You,Daniel Hill & Guillaume Black,26-Dec-2023,Tuesday 26th December,Audio,POD 2023 - Episode 193 - Audio,TBP_193_Edited.mp3,Done-M,,,,,
194,Deals Deals Deal,Turning £1m Mistake into £500k Profit!,Daniel Hill  & Mark Barrett,1-Jan-2024,Monday 1st January 2024,Audio,POD 2024 - Episode 194 - Audio,TBP_194_Edited.mp3,Done-M,,,,,
195,The Blueprint Podcast,Cave Time,Daniel Hill ,2-Jan-2024,Tuesday 2nd January,Audio,POD 2024 - Episode 195 - Audio,TBP_195_Edited.mp3,Done-M,,,,,
196,The Blueprint Podcast,"Me, The Monk and Magic Mushrooms - DO NOT RESCHEDULE THIS EPISODE LINKED WITH RAV'S RELEASE TOO
REQUEST RAV TO BE A COLLABORATOR ON SOCIAL POSTS",Daniel Hill & Ravinol Chambers,9-Jan-2024,Tuesday 9th January,Audio,POD 2024 - Episode 196 - Audio,TBP_196_Edited.mp3,Done-M,,,,,
197,The Blueprint Podcast,"Hugh Mowat - Strategy Day Award Winner 2023
",Hugh Mowat,15-Jan-2024,Monday 15th January,Audio,POD 2024 - Episode 197 - Audio,TBP_197_Edited.mp3,Done-M,,,,,
198,The Blueprint Podcast,How To Get Into The Top 1%,Daniel Hill ,16-Jan-2024,Tuesday 16th January,Audio,POD 2024 - Episode 198 - Audio,TBP_198_Edited.mp3,Done-M,,,,,
199,6 Rounds,"Daniel Hill and Simon Zutshi go Six Rounds!
",Daniel Hill & Simon Zutshi,23-Jan-2024,Tuesday 23rd January,Audio,POD 2024 - Episode 199 - Audio,TBP_199_Edited.mp3,Done-M,,,,,
200,The Blueprint Podcast,200th Episode: 10 Lessons Learned in 2023,Daniel Hill ,30-Jan-2024,Tuesday 30th January ,Audio,POD 2024 - Episode 200 - Audio,TBP_200_Edited_v2.mp3,Done-M,,,,,
201,Deals Deals Deal,"10 Purchase Option Deals with £1.6m Equity and £20k pm Cashflow!!!!
",Mark Barrett and Ashley Lindsay,1-Feb-2024,Thursday 1st February,Audio,POD 2024 - Episode 201 - Audio,TBP_201_Edited.mp3,Done-M,,,,,
202,The Blueprint Podcast,The Fast Lane Fallacy,Daniel Hill ,6-Feb-2024,Tuesday 6th February,Audio,POD 2024 - Episode 202 - Audio,TBP_202_Edited_v2.mp3,Done-M,,,,,
203,6 Rounds,"Daniel Hill and Susannah Cole go Six Rounds!
",Daniel Hill & Susannah Cole,13-Feb-2024,Tuesday 13th February,Audio,POD 2024 - Episode 203 - Audio,TBP_203_Edited.mp3,Done-M,,,,,
204,The Blueprint Podcast,Natalie Carter - Strategy Day Award Winner 2024,Natalie Carter ,15-Feb-2024,Thursday 15th February,Audio,POD 2024 - Episode 204 - Audio,TBP_204_Edited.mp3,Done-M,,,,,
205,The Blueprint Podcast,The Blueprint Blueprint,Daniel Hill ,20-Feb-2024,Tuesday 20th February,Audio,POD 2024 - Episode 205 - Audio,TBP_205_Edited.mp3,Done-M,,,,,
206,The Blueprint Podcast,The Breakthrough Blueprint,Daniel Hill ,27-Feb-2024,Tuesday 27th February,Audio,POD 2024 - Episode 206 - Audio,TBP_206_Edited.mp3,Done-M,,,,,
207,Deals Deals Deal,"€1m Profit Incl. €78k pa Cashflow With No Funds Left In
",Mark Barrett and Ian Bower,1-Mar-2024,Friday 1st March,Audio,POD 2024 - Episode 207 - Audio,TBP_207_Edited.mp3,Done-M,,,,,
208,The Blueprint Podcast,Financial Fortress,Daniel Hill ,5-Mar-2024,Tuesday 5th March,Audio,POD 2024 - Episode 208 - Audio,TBP_208_Edited.mp3,Done-M,,,,,
209,The Blueprint Podcast,3 Card Hack Trick,Daniel Hill ,12-Mar-2024,Tuesday 12th March,Audio,POD 2024 - Episode 209 - Audio,TBP_209_Edited.mp3,Done-M,,,,,
210,The Blueprint Podcast,Retired at 33 - Financial Fortress Complete,Adam Goff and Josh Keegan,15-Mar-2024,Friday 15th March,Audio,POD 2024 - Episode 210 - Audio,TBP_210_Edited.mp3,Done-M,,,,,
211,The Blueprint Podcast,Make or Break,Daniel Hill ,19-Mar-2024,Tuesday 19th March,Audio,POD 2024 - Episode 211 - Audio,TBP_211_Edited.mp3,Done-M,,,,,
212,The Blueprint Podcast,The Warren Buffet Way,Daniel Hill ,26-Mar-2024,Tuesday 26th March,Audio,POD 2024 - Episode 212 - Audio,TBP_212_Edited.mp3,Done-M,,,,,
213,Deals Deals Deal,"Mega 48 bed HMO, £750k equity, no money left and Financial Fortress",Mark Barrett & Richie Miller,1-Apr-2024,Monday 1st April,Audio,POD 2024 - Episode 213 - Audio,TBP_213_Edited.mp3,Done-M,,,,,
214,6 Rounds,Daniel Hill & Ian Bower go 6 rounds! (podcast recording 20/03/2024),Daniel Hill & Ian Bower,2-Apr-2024,Tuesday 2nd April,Audio,POD 2024 - Episode 214 - Audio,TBP_214_Edited.mp3,Done-M,,,,,
215,The Blueprint Podcast,The Email Inbox Blueprint,Daniel Hill ,9-Apr-2024,Tuesday 9th April,Audio,POD 2024 - Episode 215 - Audio,TBP_215_Edited.mp3,Done-M,,,,,
216,Hall of Fame,Chris Moss: Retired at 31 - Financial Fortress Complete,Josh Keegan and Chris Moss,15-Apr-2024,Monday 15th April,Audio,POD 2024 - Episode 216 - Audio,TBP_216_Edited.mp3,Done-M,,,,,
217,The Blueprint Podcast,The Chairman : 15 Lessons Learned in first 6 months,Daniel Hill ,16-Apr-2024,Tuesday 16th April,Audio,POD 2024 - Episode 217 - Audio,TBP_217_Edited.mp3,Done-M,,,,,
218,The Blueprint Podcast,Hub and Spoke to Silo Blueprint,Daniel Hill ,23-Apr-2024,Tuesday 23rd April,Audio,POD 2024 - Episode 218 - Audio,TBP_218_Edited.mp3,Done-M,,,,,
219,The Blueprint Podcast,The PDP Blueprint,Daniel Hill ,30-Apr-2024,Tuesday 30th April,Audio,POD 2024 - Episode 219 - Audio,TBP_219_Edited.mp3,Done-M,,,,,
220,Deals Deals Deal,Financial Fortress Completed In 2 Deals: £1.25m equity + £100k pa,Mark Barrett & Craig Shields,1-May-2024,Wednesday 1st May,Audio,POD 2024 - Episode 220 - Audio,TBP_220_Edited.mp3,Done-M,,,,,
221,6 Rounds,Daniel Hill and Sir Marco Robinson go 6 rounds! (podcast recording 3rd April),Daniel Hill & Sir Marco Robinson,7-May-2024,Tuesday 7th May,Audio,POD 2024 - Episode 221 - Audio,TBP_221_Edited.mp3,Done-M,,,,,
222,The Blueprint Podcast,3 Day Blueprint Event - What is it?,Daniel Hill ,14-May-2024,Tuesday 14th May,Audio,POD 2024 - Episode 222 - Audio,TBP_222_Edited.mp3,Done-M,,,,,
223,Hall of Fame,Rosanna Meyer: Hall of Fame: From Employee to Entrepreneur ,Rachel Davis and Rosanna Meyer ,15-May-2024,Wednesday 15th May,Audio,POD 2024 - Episode 223 - Audio,TBP_223_Edited.mp3,Done-M,,,,,
224,The Blueprint Podcast,Behind The Scenes - Strategy Day Presentations,Daniel Hill ,21-May-2024,Tuesday 21st May,Audio,POD 2024 - Episode 224 - Audio,TBP_224_Edited_v2.mp3,Done-M,,,,,
225,The Blueprint Podcast,What Is My Company Worth?!,Daniel Hill ,28-May-2024,Tuesday 28th May,Audio,POD 2024 - Episode 225 - Audio,TBP_225_Edited_v2.mp3,Done-M,,,,,
226,Deals Deals Deal,Highs and Lows of Property Development,Mark Barrett & Steve Hammond,1-Jun-2024,Saturday 1st June,Audio,POD 2024 - Episode 226 - Audio,TBP_226_Edited.mp3,Done-M,,,,,
227,6 Rounds,DH & Daniel Priestley go 6 rounds! (podcast recording 25/04/2024),Daniel Hill & Daniel Priestley,4-Jun-2024,Tuesday 4th June,Audio,POD 2024 - Episode 227 - Audio,TBP_227_Daniel_P_Edited_v2.mp3,Done-M,,,,,
228,The Blueprint Podcast,A Day in the Life of...,Daniel Hill ,11-Jun-2024,Tuesday 11th June,Audio,POD 2024 - Episode 228 - Audio,TBP_228_Edited.mp3,Done-M,,,,,
229,Hall of Fame,Richie Miller: Hall of Fame: From Army Officer to Lifestyle Entreprenuer,Josh Keegan and Richie Miller,15-Jun-2024,Saturday 15th June,Audio,POD 2024 - Episode 229 - Audio,TBP_229_Edited.mp3,Done-M,,,,,
230,The Blueprint Podcast,Fail Fast - 21 of My Biggest Failures,Daniel Hill ,18-Jun-2024,Tuesday 18th June,Audio,POD 2024 - Episode 230 - Audio,TBP_230_21_Failures_Edited.mp3,Done-M,,,,,
231,The Blueprint Podcast,The Bullet Proof Blueprint,Daniel Hill ,25-Jun-2024,Tuesday 25th June,Audio,POD 2024 - Episode 231 - Audio,TBP_231_Bullet_Proof_Edited.mp3,Done-M,,,,,
232,Deals Deals Deal,Cashflow Strategy With 6 Figure Profits,Mark Barrett & Jon Woodman,1-Jul-2024,Monday 1st July,Audio,POD 2024 - Episode 232 - Audio,TBP_232_Edited.mp3,Done-M,,,,,
233,6 Rounds,DH & Ravinol Chamber go 6 rounds! (podcast recording 26/04/2024),Daniel Hill & Ravinol Chambers,2-Jul-2024,Tuesday 2nd July,Audio,POD 2024 - Episode 233 - Audio,TBP_233_6R_Ravi_Edited.mp3,Done-M,,,,,
234,The Blueprint Podcast,Buy Back Your Time,Daniel Hill ,9-Jul-2024,Tuesday 9th July,Audio,POD 2024 - Episode 234 - Audio,TBP_234_Buy_Back_Your_Time_Edited.mp3,Done-M,,,,,
235,Hall of Fame,Award Winners: Huw Davies - Financially Free at 34,Rachel Davis and Huw Davies,15-Jul-2024,Monday 15th July,Audio,POD 2024 - Episode 235 - Audio,TBP_235_Huw_Davies_Edited.mp3,Done-M,,,,,
236,The Blueprint Podcast,Grace of Gratitude,Daniel Hill ,16-Jul-2024,Tuesday 16th July,Audio,POD 2024 - Episode 236 - Audio,TBP_236_Grace_of_Gratitude_Edited.mp3,Done-M,,,,,
237,The Blueprint Podcast,Box with a Bow,Daniel Hill ,23-Jul-2024,Tuesday 23rd July,Audio,POD 2024 - Episode 237 - Audio,TBP_237_Box_With_a_Bow_Edited.mp3,Done-M,,,,,
238,The Blueprint Podcast,10 Reasons Why Most Entrepreneurs Do Not Make Money,Daniel Hill ,30-Jul-2024,Tuesday 30th July,Audio,POD 2024 - Episode 238 - Audio,TBP_238_Edited.mp3,Done-M,,,,,
239,Deals Deals Deal,"Developers Margin as Cashflow: £0.3m-£0.4m per project
",Mark Barrett & Kevin Edge,1-Aug-2024,Thursday 1st August,Audio,POD 2024 - Episode 239 - Audio,TBP_239_Edited.mp3,Done-M,,,,,
240,The Blueprint Podcast,15 Top Places To Find Deals,Daniel Hill ,6-Aug-2024,Tuesday 6th August,Audio,POD 2024 - Episode 240 - Audio,TBP_240_Edited.mp3,Done-M,,,,,
241,The Blueprint Podcast,Culture Club,Daniel Hill ,13-Aug-2024,Tuesday 13th August,Audio,POD 2024 - Episode 241 - Audio,TBP_241_Edited.mp3,Done-M,,,,,
242,The Blueprint Podcast,Afam Sadiku: Strategy Day Finalist,Afam Sadiku,15-Aug-2024,Thursday 15th August,Audio,POD 2024 - Episode 242 - Audio,TBP_242_Edited.mp3,Done-M,,,,,
243,The Blueprint Podcast,"The UK Economy
",Daniel Hill ,20-Aug-2024,Tuesday 20th August,Audio,POD 2024 - Episode 243 - Audio,TBP_243_UK_Economy_Edited.mp3,Done-M,,,,,
244,The Blueprint Podcast,Challenging Conversations,Daniel Hill ,27-Aug-2024,Tuesday 27th August,Audio,POD 2024 - Episode 244 - Audio,TBP_244_Challenging_Conversations_Edited.mp3,Done-M,,,,,
245,Deals Deals Deal,"Financial Fortress Deal, £23k PA Profit, No Money Left In
",Mark Barrett & Chris McDermott,1-Sep-2024,Sunday 1st September,Audio,POD 2024 - Episode 245 - Audio,TBP_245_Edited.mp3,Done-M,,,,,
246,The Blueprint Podcast,Dopamine Detox,Daniel Hill ,3-Sep-2024,Tuesday 3rd September,Audio,POD 2024 - Episode 246 - Audio,TBP_246_Dopamine_Detox_Edited.mp3,Done-M,,,,,
247,The Blueprint Podcast,Life By Design Scorecard,Daniel Hill ,10-Sep-2024,Tuesday 10th September,Audio,POD 2024 - Episode 247 - Audio,TBP_247_Edited.mp3,Done-M,,,,,
248,The Blueprint Podcast,From Madness to Meticulousness,Kay Hutchby ,15-Sep-2024,Sunday 15th September,Audio,POD 2024 - Episode 248 - Audio,TBP_248_Edited.mp3,Done-M,,,,,
249,The Blueprint Podcast,My Best Year On Record,Daniel Hill & Adam Goff,17-Sep-2024,Tuesday 17th September,Audio,POD 2024 - Episode 249 - Audio,TBP_249_Edited.mp3,Done-M,,,,,
250,The Blueprint Podcast,The Swoop and Poop Blueprint,Daniel Hill ,24-Sep-2024,Tuesday 24th September,Audio,POD 2024 - Episode 250 - Audio,TBP_250_Edited.mp3,Done-M,,,,,
251,Deals Deals Deal,"Deal Of The Year - £0.75m Equity, None Of Your Own Money & No Money Left In",Mark Barrett & Chris Chadwick & Richie Miller,1-Oct-2024,Tuesday 1st October,Audio,POD 2024 - Episode 251 - Audio,TBP_251_Edited.mp3,Done-M,,,,,
252,The Blueprint Podcast,Don't Work December Blueprint,Daniel Hill ,8-Oct-2024,Tuesday 8th October,Audio,POD 2024 - Episode 252 - Audio,TBP_252_Edited.mp3,Done-M,,,,,
253,The Blueprint Podcast,From Financial Fog to Financial Freedom ,Dan Norman,15-Oct-2024,Tuesday 15th October,Audio,POD 2024 - Episode 253 - Audio,TBP_253_Edited.mp3,Done-M,,,,,
254,The Blueprint Podcast,Directors Dashboard Blueprint,Daniel Hill ,22-Oct-2024,Tuesday 22nd October,Audio,POD 2024 - Episode 254 - Audio,TBP_254_Edited.mp3,Done-M,,,,,
255,The Blueprint Podcast,Back to Back Leasing,Daniel Hill ,29-Oct-2024,Tuesday 29th October,Audio,POD 2024 - Episode 255 - Audio,TBP_255_Edited.mp3,Done-M,,,,,
256,Deals Deals Deal,"The Ultimate Purchase Lease Option
",Mark Barrett & Jon Woodman,1-Nov-2024,Friday 1st November,Audio,POD 2024 - Episode 256 - Audio,TBP_256_Ultimate_Purchase_Lease_Option_Edited.mp3,Done-M,,,,,
257,The Blueprint Podcast,Know Your Number,Daniel Hill ,5-Nov-2024,Tuesday 5th November,Audio,POD 2024 - Episode 257 - Audio,TBP_257_Know_Your_Number_Edited.mp3,Done-M,,,,,
258,The Blueprint Podcast,Needle in a Haystack,Daniel Hill ,12-Nov-2024,Tuesday 12th November,Audio,POD 2024 - Episode 258 - Audio,TBP_258_Needle_Haystack_Edited.mp3,Done-M,,,,,
259,Hall of Fame,Award Winners:  Mark Reid - From Loss Making to Lucrative ,Rachel Davis & Mark Reid,15-Nov-2024,Friday 15th November,Audio,POD 2024 - Episode 259 - Audio,TBP_259_Edited.mp3,Done-M,,,,,
260,The Blueprint Podcast,What Do I Own,Daniel Hill ,19-Nov-2024,Tuesday 19th November,Audio,POD 2024 - Episode 260 - Audio,TBP_260_What_Do_I_Own_Edited.mp3,Done-M,,,,,
261,The Blueprint Podcast,Financial Fortress Masterclass,Daniel Hill ,26-Nov-2024,Tuesday 26th November,Audio,POD 2024 - Episode 261 - Audio,TBP_261_Financial_Fortress_Masterclass_Edited.mp3,Done-M,,,,,
262,Deals Deals Deal,"Profit Play: Using a Joint Venture Partner for £200k+ Profit
",Mark Barrett and Jay Chauhan,1-Dec-2024,Sunday 1st December,Audio,POD 2024 - Episode 262 - Audio,TBP_262_DDD_Edited.mp3,Done-M,,,,,
263,The Blueprint Podcast,The Chairman Blueprint ,Daniel Hill ,3-Dec-2024,Tuesday 3rd December,Audio,POD 2024 - Episode 263 - Audio,TBP_263_Chairman_Edited.mp3,Done-M,,,,,
264,The Blueprint Podcast,Burnout Brain,Daniel Hill ,10-Dec-2024,Tuesday 10th December,Audio,POD 2024 - Episode 264 - Audio,TBP_264_Burnout_Brain_Edited.mp3,Done-M,,,,,
265,Hall of Fame,Award Winners: Chris Dornan - From Working In The Business To On It ,Rachel Davis & Chris Dornan,15-Dec-2024,Sunday 15th December,Audio,POD 2024 - Episode 265 - Audio,TBP_265_HOF_Edited.mp3,Done-M,,,,,
266,The Blueprint Podcast,Master the Market,Daniel Hill ,17-Dec-2024,Tuesday 17th December,Audio,POD 2024 - Episode 266 - Audio,TBP_266_Edited.mp3,Done-M,,,,,
267,6 Rounds,DH & Simon Zutshi go 6 rounds! (podcast recording 10/12/2024),Daniel Hill and Simon Zutshi,24-Dec-2024,Tuesday 24th December,Audio,POD 2024 - Episode 267 - Audio,TBP_267_Simon_6R_Edited.mp3,Done-M,,,,,
268,The Blueprint Podcast,One Word: My Gift To You,Daniel Hill & Guillaume Black,31-Dec-2024,Tuesday 31st December,Audio,POD 2024 - Episode 268 - Audio,TBP_268_One_Word_Edited.mp3,Done-M,,,,,
269,Deals Deals Deal,New Year Special : The Best Strategies for 2025,Mark Barrett & Daniel Hill,1-Jan-2025,Wednesday 1st January 2025,Audio,POD 2025 - Episode 269 - Audio,TBP_269_DDD_Edited.mp3,Done-M,,,,,
270,The Blueprint Podcast,2025 Property Market Predictions,Daniel Hill ,7-Jan-2025,Tuesday 7th January,Audio,POD 2025 - Episode 270 - Audio,TBP_270_2025_Predictions_Edited.mp3,Done-M,,,,,
271,The Blueprint Podcast,Year of Retirement,Daniel Hill ,14-Jan-2025,Tuesday 14th January,Audio,POD 2025 - Episode 271 - Audio,TBP_271_Year_Of_Edited.mp3,Done-M,,,,,
272,The Blueprint Podcast,Award Winners David Akibu and Neil Gallagher: Strategy Day Finalists 2025,"Josh Keegan, David Akibu and Neil Gallagher",15-Jan-2025,Wednesday 15th January ,Audio,POD 2025 - Episode 272 - Audio,TBP_272_Edited.mp3,Done-M,,,,,
273,The Blueprint Podcast,Don't Go Bust Blueprint,Daniel Hill ,21-Jan-2025,Tuesday 21st January,Audio,POD 2025 - Episode 273 - Audio,TBP_273_Dont_Go_Bust_Edited.mp3,Done-M,,,,,
274,The Blueprint Podcast,Design and Build Blueprint,Daniel Hill ,28-Jan-2025,Tuesday 28th January,Audio,POD 2025 - Episode 274 - Audio,TBP_274_Design_and_Build_Edited (1).mp3,Done-M,,,,,
275,Deals Deals Deal,"£150k Equity, £70k pa Cashflow & No Funds Required",Mark Barrett & Grant Hutchby,1-Feb-2025,Saturday 1st February,Audio,POD 2025 - Episode 275 - Audio,TBP_275_DDD_Edited.mp3,Done-M,,,,,
276,The Blueprint Podcast,My Top 10 Lessons Learned 2024,Daniel Hill ,4-Feb-2025,Tuesday 4th February ,Audio,POD 2025 - Episode 276 - Audio,TBP_276_10_Lessons_Edited.mp3,Done-M,,,,,
277,The Blueprint Podcast,The World Class EA Blueprint,Daniel Hill ,11-Feb-2025,Tuesday 11th February,Audio,POD 2025 - Episode 277 - Audio,TBP_277_EA_Blueprint_Edited.mp3,Done-M,,,,,
278,The Blueprint Podcast,"PEA Award Winner 2025 - Rosanna Meyer
",Rosanna Meyer ,15-Feb-2025,Saturday 15th February,Audio,POD 2025 - Episode 278 - Audio,TBP_278_Edited.mp3,Done-M,,,,,
279,The Blueprint Podcast,Behind The Scenes: 2025 Strategy Day,Daniel Hill ,18-Feb-2025,Tuesday 18th February,Audio,POD 2025 - Episode 279 - Audio,TBP_279_Strategy_Day_Edited.mp3,Done-M,,,,,
280,The Blueprint Podcast,Rewire Your Brain Blueprint: Pay More Money!,Daniel Hill ,25-Feb-2025,Tuesday 25th February,Audio,POD 2025 - Episode 280 - Audio,TBP_280_Rewire_your_brain_Edited.mp3,Done-M,,,,,
281,Deals Deals Deal,Profit play using Auctions for £100k+ profit on 4 deals,Mark Barrett and David France,1-Mar-2025,Saturday 1st March,Audio,POD 2025 - Episode 281 - Audio,TBP_281_DDD_Edited.mp3,Done-M,,,,,
282,The Blueprint Podcast,My House Blueprint - Rolls Royce Rhythm,Daniel Hill ,4-Mar-2025,Tuesday 4th March,Audio,POD 2025 - Episode 282 - Audio,TBP_282_My_House_Blueprint_Edited.mp3,Done-M,,,,,
283,The Blueprint Podcast,Set & Forget Blueprint,Daniel Hill ,11-Mar-2025,Tuesday 11th March,Audio,POD 2025 - Episode 283 - Audio,TBP_283_Set__Forget_Edited.mp3,Done-M,,,,,
284,Hall of Fame,Living Off the Steam - Financial Stress to Financial Fortress,Katie Harvey and Chris McDermott,15-Mar-2025,Saturday 15th March,Audio,POD 2025 - Episode 284 - Audio,TBP_284_HOF_Chris_McDermott_Edited.mp3,Done-M,,,,,
285,The Blueprint Podcast,Snooze You Lose Rant,Daniel Hill ,18-Mar-2025,Tuesday 18th March,Audio,POD 2025 - Episode 285 - Audio,TBP_285_Snooze_You_Lose_Edited.mp3,Done-M,,,,,
286,The Blueprint Podcast,Sunday Sanity Blueprint,Daniel Hill ,25-Mar-2025,Tuesday 25th March,Audio,POD 2025 - Episode 286 - Audio,TBP_286_Sunday_Sanity_Edited.mp3,Done-M,,,,,
287,Deals Deals Deal,When Pre App Planning Goes Wrong,Mark Barrett and Gareth Morgan,1-Apr-2025,Tuesday 1st April,Audio,POD 2025 - Episode 287 - Audio,TBP_287_Pre_app_planning_goes_wrong_Edited.mp3,Done-M,,,,,
288,6 Rounds,DH & Claire Reid go 6 rounds! (podcast recording 11/03/2025),Daniel Hill and Claire Reid,8-Apr-2025,Tuesday 8th April,Audio,POD 2025 - Episode 288 - Audio,TBP_288_Claire_Reid_Edited.mp3,Done-M,,,,,
289,Hall of Fame,From Chaos to Clarity,Rachel Davis and KC Hawrylyshen,15-Apr-2025,Tuesday 15th April,Audio,POD 2025 - Episode 289 - Audio,TBP_289_Chaos_to_Clarity_Edited.mp3,Done-M,,,,,
290,The Blueprint Podcast,The Landlord Trap,Daniel Hill ,22-Apr-2025,Tuesday 22nd April,Audio,POD 2025 - Episode 290 - Audio,TBP_290_Landlord_Trap_Edited.mp3,Done-M,,,,,
291,The Blueprint Podcast,Outputs vs Inputs,Daniel Hill ,29-Apr-2025,Tuesday 29th April,Audio,POD 2025 - Episode 291 - Audio,TBP_291_Inputs_vs_Outputs_Edited.mp3,Done-M,,,,,
292,Deals Deals Deal,"Asset Building: 3 Deals, £500k+ Equity, £100k+pa Cashflow",Mark Barrett and Tom Appleton,1-May-2025,Thursday 1st May,Audio,POD 2025 - Episode 292 - Audio,TBP_292_Asset_Building_Edited.mp3,Done-M,,,,,
293,The Blueprint Podcast,Where's My Mentor?,Daniel Hill ,6-May-2025,Tuesday 6th May,Audio,POD 2025 - Episode 293 - Audio,TBP_293_Where_Is_My_Mentor_Edited_v2.mp3,Done-M,,,,,
294,The Blueprint Podcast,Spring Clean Blueprint,Daniel Hill ,13-May-2025,Tuesday 13th May,Audio,POD 2025 - Episode 294 - Audio,TBP_294_Spring_Clean_Blueprint_Edited.mp3,Done-M,,,,,
295,Hall of Fame,From On the Tools to On My Terms,Josh Keegan and Katie Harvey,15-May-2025,Thursday 15th May,Audio,POD 2025 - Episode 295 - Audio,TBP_295_Tools_Edited_v2.mp3,Done-M,,,,,
296,The Blueprint Podcast,Win Win Win Blueprint,Daniel Hill ,20-May-2025,Tuesday 20th May,Audio,POD 2025 - Episode 296 - Audio,TBP_296_Win_Win_Edited.mp3,Done-M,,,,,
297,The Blueprint Podcast,Know Your Numbers,Daniel Hill ,27-May-2025,Tuesday 27th May,Audio,POD 2025 - Episode 297 - Audio,TBP_297_Know_Your_Numbers_Edited.mp3,Done-M,,,,,
298,Deals Deals Deal,"Lessons Learnt On Building A 6-Figure Portfolio Through Property Sourcer’s
",Mark Barrett & Matt Dolman,1-Jun-2025,Sunday 1st June,Audio,POD 2025 - Episode 298 - Audio,TBP_298_Lessons_Learnt_DDD_Edited.mp3,Done-M,,,,,
299,The Blueprint Podcast,Pay No Tax - The Group Strategy Structure,Daniel Hill ,3-Jun-2025,Tuesday 3rd June,Audio,POD 2025 - Episode 299 - Audio,TBP_299_Pay_No_Tax_Edited.mp3,Done-M,,,,,
300,The Blueprint Podcast,Get Wealthy - Your Top 14 Blueprints,Daniel Hill ,10-Jun-2025,,Audio,POD 2025 - Episode 300 - Audio,TBP_300_Edited.mp3,Done-M,,,,,
301,Hall of Fame,From Carpenter to Property Mogul,Katie Harvey and David France,15-Jun-2025,Sunday 15th June,Audio,POD 2025 - Episode 301 - Audio,TBP_301_From_Carpenter_to_Property_Mogul_Edited.mp3,Done-M,,,,,
302,The Blueprint Podcast,A Crash is Coming - The 17 Year Cycle,Daniel Hill ,24-Jun-2025,Tuesday 24th June,Audio,POD 2025 - Episode 302 - Audio,TBP_302_Crash_Is_Coming_Edited.mp3,Done-M,,,,,